ISO-10303-21;
HEADER;
/* Generated by software containing ST-Developer
 * from STEP Tools, Inc. (www.steptools.com) 
 */

FILE_DESCRIPTION(
/* description */ (''),
/* implementation_level */ '2;1');

FILE_NAME(
/* name */ 'Sensor case Top V2.step',
/* time_stamp */ '2026-09-22T21:46:02-04:00',
/* author */ (''),
/* organization */ (''),
/* preprocessor_version */ 'ST-DEVELOPER v20.2',
/* originating_system */ 'Autodesk Translation Framework v15.15.0.0',
/* authorisation */ '');

FILE_SCHEMA (('AUTOMOTIVE_DESIGN { 1 0 10303 214 3 1 1 }'));
ENDSEC;

DATA;
#10=MECHANICAL_DESIGN_GEOMETRIC_PRESENTATION_REPRESENTATION('',(#13),#2839);
#11=SHAPE_REPRESENTATION_RELATIONSHIP('SRR','None',#2846,#12);
#12=ADVANCED_BREP_SHAPE_REPRESENTATION('',(#14),#2838);
#13=STYLED_ITEM('',(#2855),#14);
#14=MANIFOLD_SOLID_BREP('Body1',#1502);
#15=FACE_BOUND('',#237,.T.);
#16=FACE_BOUND('',#238,.T.);
#17=FACE_BOUND('',#239,.T.);
#18=FACE_BOUND('',#240,.T.);
#19=FACE_BOUND('',#264,.T.);
#20=FACE_BOUND('',#266,.T.);
#21=FACE_BOUND('',#268,.T.);
#22=FACE_BOUND('',#270,.T.);
#23=FACE_BOUND('',#272,.T.);
#24=FACE_BOUND('',#303,.T.);
#25=FACE_BOUND('',#304,.T.);
#26=FACE_BOUND('',#305,.T.);
#27=FACE_BOUND('',#306,.T.);
#28=FACE_BOUND('',#307,.T.);
#29=FACE_BOUND('',#308,.T.);
#30=FACE_BOUND('',#309,.T.);
#31=FACE_BOUND('',#310,.T.);
#32=FACE_BOUND('',#311,.T.);
#33=(
BOUNDED_CURVE()
B_SPLINE_CURVE(5,(#2402,#2403,#2404,#2405,#2406,#2407,#2408,#2409,#2410,
#2411,#2412,#2413,#2414),.UNSPECIFIED.,.F.,.F.)
B_SPLINE_CURVE_WITH_KNOTS((6,1,1,1,1,1,1,1,6),(0.221496606991116,0.3,0.4,
0.5,0.6,0.7,0.8,0.9,1.),.UNSPECIFIED.)
CURVE()
GEOMETRIC_REPRESENTATION_ITEM()
RATIONAL_B_SPLINE_CURVE((1.,1.,1.,1.,1.,1.,1.,1.,1.,1.,1.,1.,1.))
REPRESENTATION_ITEM('')
);
#34=B_SPLINE_CURVE_WITH_KNOTS('',3,(#2325,#2326,#2327,#2328,#2329,#2330,
#2331,#2332,#2333,#2334,#2335,#2336),.UNSPECIFIED.,.F.,.F.,(4,2,2,2,2,4),
(0.0500980089407931,0.141724089776701,0.226054451258096,0.300657532316998,
0.393918192630233,0.454904247948905),.UNSPECIFIED.);
#35=B_SPLINE_CURVE_WITH_KNOTS('',3,(#2338,#2339,#2340,#2341,#2342,#2343,
#2344,#2345,#2346,#2347,#2348,#2349),.UNSPECIFIED.,.F.,.F.,(4,2,2,2,2,4),
(0.0500980089407906,0.141724089776679,0.226054451258047,0.30065753231693,
0.393918192630252,0.45490424794889),.UNSPECIFIED.);
#36=B_SPLINE_CURVE_WITH_KNOTS('',3,(#2351,#2352,#2353,#2354,#2355,#2356,
#2357,#2358,#2359,#2360,#2361,#2362),.UNSPECIFIED.,.F.,.F.,(4,2,2,2,2,4),
(0.0500980089408023,0.141724089776835,0.226054451258447,0.300657532317547,
0.393918192631043,0.454904247949787),.UNSPECIFIED.);
#37=B_SPLINE_CURVE_WITH_KNOTS('',3,(#2364,#2365,#2366,#2367,#2368,#2369,
#2370,#2371,#2372,#2373,#2374,#2375),.UNSPECIFIED.,.F.,.F.,(4,2,2,2,2,4),
(0.0500980089407906,0.141724089776679,0.226054451257995,0.300657532316736,
0.393918192629893,0.454904247948377),.UNSPECIFIED.);
#38=B_SPLINE_CURVE_WITH_KNOTS('',3,(#2377,#2378,#2379,#2380,#2381,#2382,
#2383,#2384,#2385,#2386,#2387,#2388),.UNSPECIFIED.,.F.,.F.,(4,2,2,2,2,4),
(0.050098008940793,0.141724089776701,0.226054451258095,0.300657532316998,
0.393918192630075,0.454904247948411),.UNSPECIFIED.);
#39=B_SPLINE_CURVE_WITH_KNOTS('',3,(#2389,#2390,#2391,#2392,#2393,#2394,
#2395,#2396,#2397,#2398,#2399,#2400),.UNSPECIFIED.,.F.,.F.,(4,2,2,2,2,4),
(0.0500980089407785,0.14172408977652,0.226054451257639,0.300657532316296,
0.393918192629253,0.454904247947691),.UNSPECIFIED.);
#40=B_SPLINE_CURVE_WITH_KNOTS('',3,(#2420,#2421,#2422,#2423,#2424,#2425,
#2426,#2427,#2428,#2429),.UNSPECIFIED.,.F.,.F.,(4,2,2,2,4),(0.10080634533653,
0.160521773061592,0.305817238259009,0.472894956861748,0.608962343605885),
 .UNSPECIFIED.);
#41=B_SPLINE_CURVE_WITH_KNOTS('',3,(#2431,#2432,#2433,#2434,#2435,#2436,
#2437,#2438,#2439,#2440),.UNSPECIFIED.,.F.,.F.,(4,2,2,2,4),(0.,0.546902262741699,
1.0938045254834,1.54908525200499,2.00436597852658),.UNSPECIFIED.);
#42=B_SPLINE_CURVE_WITH_KNOTS('',3,(#2442,#2443,#2444,#2445,#2446,#2447,
#2448,#2449),.UNSPECIFIED.,.F.,.F.,(4,2,2,4),(0.0469221772103759,0.476024963747651,
0.727187354988973,0.835094614221108),.UNSPECIFIED.);
#43=B_SPLINE_CURVE_WITH_KNOTS('',3,(#2450,#2451,#2452,#2453,#2454,#2455,
#2456,#2457),.UNSPECIFIED.,.F.,.F.,(4,2,2,4),(0.,0.195322236693464,0.390644473386927,
0.585878614551848),.UNSPECIFIED.);
#44=B_SPLINE_CURVE_WITH_KNOTS('',3,(#2460,#2461,#2462,#2463,#2464,#2465,
#2466,#2467,#2468,#2469),.UNSPECIFIED.,.F.,.F.,(4,2,2,2,4),(0.,0.546902262741699,
1.0938045254834,1.54908525200499,2.00436597852658),.UNSPECIFIED.);
#45=B_SPLINE_CURVE_WITH_KNOTS('',3,(#2471,#2472,#2473,#2474,#2475,#2476,
#2477,#2478),.UNSPECIFIED.,.F.,.F.,(4,2,2,4),(0.0469221772685762,0.476024966588181,
0.727187359596204,0.835094619625371),.UNSPECIFIED.);
#46=B_SPLINE_CURVE_WITH_KNOTS('',3,(#2480,#2481,#2482,#2483,#2484,#2485,
#2486,#2487),.UNSPECIFIED.,.F.,.F.,(4,2,2,4),(0.,0.195322236693464,0.390644473386927,
0.585878614551848),.UNSPECIFIED.);
#47=B_SPLINE_CURVE_WITH_KNOTS('',3,(#2488,#2489,#2490,#2491,#2492,#2493,
#2494,#2495,#2496,#2497),.UNSPECIFIED.,.F.,.F.,(4,2,2,2,4),(0.100806345376672,
0.160521773087015,0.305817238290819,0.472894957023079,0.60896234387431),
 .UNSPECIFIED.);
#48=B_SPLINE_CURVE_WITH_KNOTS('',3,(#2500,#2501,#2502,#2503,#2504,#2505,
#2506,#2507,#2508,#2509),.UNSPECIFIED.,.F.,.F.,(4,2,2,2,4),(0.10080634533676,
0.160521773062119,0.305817238259407,0.472894956862038,0.608962343606968),
 .UNSPECIFIED.);
#49=B_SPLINE_CURVE_WITH_KNOTS('',3,(#2511,#2512,#2513,#2514,#2515,#2516,
#2517,#2518,#2519,#2520),.UNSPECIFIED.,.F.,.F.,(4,2,2,2,4),(0.,0.546902262741699,
1.0938045254834,1.54908525200499,2.00436597852658),.UNSPECIFIED.);
#50=B_SPLINE_CURVE_WITH_KNOTS('',3,(#2522,#2523,#2524,#2525,#2526,#2527,
#2528,#2529),.UNSPECIFIED.,.F.,.F.,(4,2,2,4),(0.0469221772103372,0.476024963746073,
0.727187354986582,0.835094614218456),.UNSPECIFIED.);
#51=B_SPLINE_CURVE_WITH_KNOTS('',3,(#2530,#2531,#2532,#2533,#2534,#2535,
#2536,#2537),.UNSPECIFIED.,.F.,.F.,(4,2,2,4),(0.,0.195322236693464,0.390644473386928,
0.585878614551848),.UNSPECIFIED.);
#52=B_SPLINE_CURVE_WITH_KNOTS('',3,(#2540,#2541,#2542,#2543,#2544,#2545,
#2546,#2547,#2548,#2549),.UNSPECIFIED.,.F.,.F.,(4,2,2,2,4),(0.,0.546902262741699,
1.0938045254834,1.54908525200499,2.00436597852658),.UNSPECIFIED.);
#53=B_SPLINE_CURVE_WITH_KNOTS('',3,(#2551,#2552,#2553,#2554,#2555,#2556,
#2557,#2558),.UNSPECIFIED.,.F.,.F.,(4,2,2,4),(0.0469221772685472,0.476024966586955,
0.727187359592635,0.835094619620269),.UNSPECIFIED.);
#54=B_SPLINE_CURVE_WITH_KNOTS('',3,(#2560,#2561,#2562,#2563,#2564,#2565,
#2566,#2567),.UNSPECIFIED.,.F.,.F.,(4,2,2,4),(0.,0.195322236693464,0.390644473386927,
0.585878614551848),.UNSPECIFIED.);
#55=B_SPLINE_CURVE_WITH_KNOTS('',3,(#2568,#2569,#2570,#2571,#2572,#2573,
#2574,#2575,#2576,#2577),.UNSPECIFIED.,.F.,.F.,(4,2,2,2,4),(0.100806345376928,
0.160521773087598,0.305817238292385,0.472894957027038,0.608962343880835),
 .UNSPECIFIED.);
#56=(
BOUNDED_SURFACE()
B_SPLINE_SURFACE(5,2,((#2188,#2189,#2190,#2191,#2192,#2193,#2194,#2195,
#2196),(#2197,#2198,#2199,#2200,#2201,#2202,#2203,#2204,#2205),(#2206,#2207,
#2208,#2209,#2210,#2211,#2212,#2213,#2214),(#2215,#2216,#2217,#2218,#2219,
#2220,#2221,#2222,#2223),(#2224,#2225,#2226,#2227,#2228,#2229,#2230,#2231,
#2232),(#2233,#2234,#2235,#2236,#2237,#2238,#2239,#2240,#2241),(#2242,#2243,
#2244,#2245,#2246,#2247,#2248,#2249,#2250),(#2251,#2252,#2253,#2254,#2255,
#2256,#2257,#2258,#2259),(#2260,#2261,#2262,#2263,#2264,#2265,#2266,#2267,
#2268),(#2269,#2270,#2271,#2272,#2273,#2274,#2275,#2276,#2277),(#2278,#2279,
#2280,#2281,#2282,#2283,#2284,#2285,#2286),(#2287,#2288,#2289,#2290,#2291,
#2292,#2293,#2294,#2295),(#2296,#2297,#2298,#2299,#2300,#2301,#2302,#2303,
#2304),(#2305,#2306,#2307,#2308,#2309,#2310,#2311,#2312,#2313),(#2314,#2315,
#2316,#2317,#2318,#2319,#2320,#2321,#2322)),.UNSPECIFIED.,.F.,.T.,.F.)
B_SPLINE_SURFACE_WITH_KNOTS((6,1,1,1,1,1,1,1,1,1,6),(3,2,2,2,3),(-1.,-0.9,
-0.8,-0.7,-0.6,-0.5,-0.4,-0.3,-0.2,-0.1,0.),(0.,1.5707963267949,3.14159265358979,
4.71238898038469,6.28318530717959),.UNSPECIFIED.)
GEOMETRIC_REPRESENTATION_ITEM()
RATIONAL_B_SPLINE_SURFACE(((1.,0.707106781186548,1.,0.707106781186548,1.,
0.707106781186548,1.,0.707106781186548,1.),(1.,0.707106781186548,1.,0.707106781186548,
1.,0.707106781186548,1.,0.707106781186548,1.),(1.,0.707106781186548,1.,
0.707106781186548,1.,0.707106781186548,1.,0.707106781186548,1.),(1.,0.707106781186548,
1.,0.707106781186548,1.,0.707106781186548,1.,0.707106781186548,1.),(1.,
0.707106781186548,1.,0.707106781186548,1.,0.707106781186548,1.,0.707106781186548,
1.),(1.,0.707106781186548,1.,0.707106781186548,1.,0.707106781186548,1.,
0.707106781186548,1.),(1.,0.707106781186548,1.,0.707106781186548,1.,0.707106781186548,
1.,0.707106781186548,1.),(1.,0.707106781186548,1.,0.707106781186548,1.,
0.707106781186548,1.,0.707106781186548,1.),(1.,0.707106781186548,1.,0.707106781186548,
1.,0.707106781186548,1.,0.707106781186548,1.),(1.,0.707106781186548,1.,
0.707106781186548,1.,0.707106781186548,1.,0.707106781186548,1.),(1.,0.707106781186548,
1.,0.707106781186548,1.,0.707106781186548,1.,0.707106781186548,1.),(1.,
0.707106781186548,1.,0.707106781186548,1.,0.707106781186548,1.,0.707106781186548,
1.),(1.,0.707106781186548,1.,0.707106781186548,1.,0.707106781186548,1.,
0.707106781186548,1.),(1.,0.707106781186548,1.,0.707106781186548,1.,0.707106781186548,
1.,0.707106781186548,1.),(1.,0.707106781186548,1.,0.707106781186548,1.,
0.707106781186548,1.,0.707106781186548,1.)))
REPRESENTATION_ITEM('')
SURFACE()
);
#57=CYLINDRICAL_SURFACE('',#1536,1.);
#58=CYLINDRICAL_SURFACE('',#1540,1.);
#59=CYLINDRICAL_SURFACE('',#1544,1.);
#60=CYLINDRICAL_SURFACE('',#1548,1.);
#61=CYLINDRICAL_SURFACE('',#1552,2.);
#62=CYLINDRICAL_SURFACE('',#1558,14.);
#63=CYLINDRICAL_SURFACE('',#1560,5.);
#64=CYLINDRICAL_SURFACE('',#1567,14.);
#65=CYLINDRICAL_SURFACE('',#1569,5.);
#66=CYLINDRICAL_SURFACE('',#1573,5.);
#67=CYLINDRICAL_SURFACE('',#1575,14.);
#68=CYLINDRICAL_SURFACE('',#1582,5.);
#69=CYLINDRICAL_SURFACE('',#1584,14.);
#70=CYLINDRICAL_SURFACE('',#1609,1.);
#71=CYLINDRICAL_SURFACE('',#1612,1.);
#72=CYLINDRICAL_SURFACE('',#1615,1.);
#73=CYLINDRICAL_SURFACE('',#1618,1.);
#74=CYLINDRICAL_SURFACE('',#1620,0.999999999999998);
#75=CYLINDRICAL_SURFACE('',#1625,1.);
#76=CYLINDRICAL_SURFACE('',#1628,1.);
#77=CYLINDRICAL_SURFACE('',#1630,0.999999999999998);
#78=CYLINDRICAL_SURFACE('',#1635,1.);
#79=CYLINDRICAL_SURFACE('',#1638,1.);
#80=CYLINDRICAL_SURFACE('',#1640,0.999999999999997);
#81=CYLINDRICAL_SURFACE('',#1644,0.999999999999998);
#82=CYLINDRICAL_SURFACE('',#1648,15.);
#83=CIRCLE('',#1519,1.);
#84=CIRCLE('',#1520,1.);
#85=CIRCLE('',#1524,1.);
#86=CIRCLE('',#1525,1.);
#87=CIRCLE('',#1529,1.);
#88=CIRCLE('',#1530,1.);
#89=CIRCLE('',#1534,1.);
#90=CIRCLE('',#1535,1.);
#91=CIRCLE('',#1537,1.);
#92=CIRCLE('',#1538,1.);
#93=CIRCLE('',#1539,1.);
#94=CIRCLE('',#1541,1.);
#95=CIRCLE('',#1542,1.);
#96=CIRCLE('',#1543,1.);
#97=CIRCLE('',#1545,1.);
#98=CIRCLE('',#1546,1.);
#99=CIRCLE('',#1547,1.);
#100=CIRCLE('',#1549,1.);
#101=CIRCLE('',#1550,1.);
#102=CIRCLE('',#1551,1.);
#103=CIRCLE('',#1553,2.);
#104=CIRCLE('',#1554,2.);
#105=CIRCLE('',#1555,15.0000002235174);
#106=CIRCLE('',#1556,15.0000002235174);
#107=CIRCLE('',#1559,14.);
#108=CIRCLE('',#1561,5.);
#109=CIRCLE('',#1568,14.);
#110=CIRCLE('',#1570,5.);
#111=CIRCLE('',#1574,5.);
#112=CIRCLE('',#1576,14.);
#113=CIRCLE('',#1583,5.);
#114=CIRCLE('',#1585,14.);
#115=CIRCLE('',#1588,0.999999999999998);
#116=CIRCLE('',#1589,1.);
#117=CIRCLE('',#1590,1.);
#118=CIRCLE('',#1591,1.);
#119=CIRCLE('',#1593,0.999999999999998);
#120=CIRCLE('',#1594,1.);
#121=CIRCLE('',#1595,1.);
#122=CIRCLE('',#1596,1.);
#123=CIRCLE('',#1599,0.999999999999998);
#124=CIRCLE('',#1600,1.);
#125=CIRCLE('',#1601,1.);
#126=CIRCLE('',#1602,1.);
#127=CIRCLE('',#1604,0.999999999999997);
#128=CIRCLE('',#1605,1.);
#129=CIRCLE('',#1606,1.);
#130=CIRCLE('',#1607,1.);
#131=CIRCLE('',#1610,1.);
#132=CIRCLE('',#1613,1.);
#133=CIRCLE('',#1616,1.);
#134=CIRCLE('',#1619,1.);
#135=CIRCLE('',#1621,0.999999999999998);
#136=CIRCLE('',#1626,1.);
#137=CIRCLE('',#1629,1.);
#138=CIRCLE('',#1631,0.999999999999998);
#139=CIRCLE('',#1636,1.);
#140=CIRCLE('',#1639,1.);
#141=CIRCLE('',#1641,0.999999999999997);
#142=CIRCLE('',#1645,0.999999999999998);
#143=CIRCLE('',#1649,15.);
#144=FACE_OUTER_BOUND('',#219,.T.);
#145=FACE_OUTER_BOUND('',#220,.T.);
#146=FACE_OUTER_BOUND('',#221,.T.);
#147=FACE_OUTER_BOUND('',#222,.T.);
#148=FACE_OUTER_BOUND('',#223,.T.);
#149=FACE_OUTER_BOUND('',#224,.T.);
#150=FACE_OUTER_BOUND('',#225,.T.);
#151=FACE_OUTER_BOUND('',#226,.T.);
#152=FACE_OUTER_BOUND('',#227,.T.);
#153=FACE_OUTER_BOUND('',#228,.T.);
#154=FACE_OUTER_BOUND('',#229,.T.);
#155=FACE_OUTER_BOUND('',#230,.T.);
#156=FACE_OUTER_BOUND('',#231,.T.);
#157=FACE_OUTER_BOUND('',#232,.T.);
#158=FACE_OUTER_BOUND('',#233,.T.);
#159=FACE_OUTER_BOUND('',#234,.T.);
#160=FACE_OUTER_BOUND('',#235,.T.);
#161=FACE_OUTER_BOUND('',#236,.T.);
#162=FACE_OUTER_BOUND('',#241,.T.);
#163=FACE_OUTER_BOUND('',#242,.T.);
#164=FACE_OUTER_BOUND('',#243,.T.);
#165=FACE_OUTER_BOUND('',#244,.T.);
#166=FACE_OUTER_BOUND('',#245,.T.);
#167=FACE_OUTER_BOUND('',#246,.T.);
#168=FACE_OUTER_BOUND('',#247,.T.);
#169=FACE_OUTER_BOUND('',#248,.T.);
#170=FACE_OUTER_BOUND('',#249,.T.);
#171=FACE_OUTER_BOUND('',#250,.T.);
#172=FACE_OUTER_BOUND('',#251,.T.);
#173=FACE_OUTER_BOUND('',#252,.T.);
#174=FACE_OUTER_BOUND('',#253,.T.);
#175=FACE_OUTER_BOUND('',#254,.T.);
#176=FACE_OUTER_BOUND('',#255,.T.);
#177=FACE_OUTER_BOUND('',#256,.T.);
#178=FACE_OUTER_BOUND('',#257,.T.);
#179=FACE_OUTER_BOUND('',#258,.T.);
#180=FACE_OUTER_BOUND('',#259,.T.);
#181=FACE_OUTER_BOUND('',#260,.T.);
#182=FACE_OUTER_BOUND('',#261,.T.);
#183=FACE_OUTER_BOUND('',#262,.T.);
#184=FACE_OUTER_BOUND('',#263,.T.);
#185=FACE_OUTER_BOUND('',#265,.T.);
#186=FACE_OUTER_BOUND('',#267,.T.);
#187=FACE_OUTER_BOUND('',#269,.T.);
#188=FACE_OUTER_BOUND('',#271,.T.);
#189=FACE_OUTER_BOUND('',#273,.T.);
#190=FACE_OUTER_BOUND('',#274,.T.);
#191=FACE_OUTER_BOUND('',#275,.T.);
#192=FACE_OUTER_BOUND('',#276,.T.);
#193=FACE_OUTER_BOUND('',#277,.T.);
#194=FACE_OUTER_BOUND('',#278,.T.);
#195=FACE_OUTER_BOUND('',#279,.T.);
#196=FACE_OUTER_BOUND('',#280,.T.);
#197=FACE_OUTER_BOUND('',#281,.T.);
#198=FACE_OUTER_BOUND('',#282,.T.);
#199=FACE_OUTER_BOUND('',#283,.T.);
#200=FACE_OUTER_BOUND('',#284,.T.);
#201=FACE_OUTER_BOUND('',#285,.T.);
#202=FACE_OUTER_BOUND('',#286,.T.);
#203=FACE_OUTER_BOUND('',#287,.T.);
#204=FACE_OUTER_BOUND('',#288,.T.);
#205=FACE_OUTER_BOUND('',#289,.T.);
#206=FACE_OUTER_BOUND('',#290,.T.);
#207=FACE_OUTER_BOUND('',#291,.T.);
#208=FACE_OUTER_BOUND('',#292,.T.);
#209=FACE_OUTER_BOUND('',#293,.T.);
#210=FACE_OUTER_BOUND('',#294,.T.);
#211=FACE_OUTER_BOUND('',#295,.T.);
#212=FACE_OUTER_BOUND('',#296,.T.);
#213=FACE_OUTER_BOUND('',#297,.T.);
#214=FACE_OUTER_BOUND('',#298,.T.);
#215=FACE_OUTER_BOUND('',#299,.T.);
#216=FACE_OUTER_BOUND('',#300,.T.);
#217=FACE_OUTER_BOUND('',#301,.T.);
#218=FACE_OUTER_BOUND('',#302,.T.);
#219=EDGE_LOOP('',(#943,#944,#945,#946));
#220=EDGE_LOOP('',(#947,#948,#949,#950));
#221=EDGE_LOOP('',(#951,#952,#953,#954));
#222=EDGE_LOOP('',(#955,#956,#957,#958));
#223=EDGE_LOOP('',(#959,#960,#961,#962));
#224=EDGE_LOOP('',(#963,#964,#965,#966));
#225=EDGE_LOOP('',(#967,#968,#969,#970));
#226=EDGE_LOOP('',(#971,#972,#973,#974));
#227=EDGE_LOOP('',(#975,#976,#977,#978));
#228=EDGE_LOOP('',(#979,#980,#981,#982));
#229=EDGE_LOOP('',(#983,#984,#985,#986));
#230=EDGE_LOOP('',(#987,#988,#989,#990));
#231=EDGE_LOOP('',(#991,#992,#993,#994,#995,#996,#997,#998));
#232=EDGE_LOOP('',(#999,#1000,#1001,#1002,#1003,#1004,#1005,#1006));
#233=EDGE_LOOP('',(#1007,#1008,#1009,#1010,#1011,#1012,#1013,#1014));
#234=EDGE_LOOP('',(#1015,#1016,#1017,#1018,#1019,#1020,#1021,#1022));
#235=EDGE_LOOP('',(#1023,#1024,#1025,#1026));
#236=EDGE_LOOP('',(#1027,#1028,#1029,#1030,#1031,#1032,#1033,#1034,#1035,
#1036));
#237=EDGE_LOOP('',(#1037,#1038,#1039,#1040));
#238=EDGE_LOOP('',(#1041,#1042,#1043,#1044));
#239=EDGE_LOOP('',(#1045,#1046,#1047,#1048));
#240=EDGE_LOOP('',(#1049,#1050,#1051,#1052));
#241=EDGE_LOOP('',(#1053,#1054,#1055,#1056));
#242=EDGE_LOOP('',(#1057,#1058,#1059,#1060));
#243=EDGE_LOOP('',(#1061,#1062,#1063,#1064));
#244=EDGE_LOOP('',(#1065,#1066,#1067,#1068));
#245=EDGE_LOOP('',(#1069,#1070,#1071,#1072));
#246=EDGE_LOOP('',(#1073,#1074,#1075,#1076));
#247=EDGE_LOOP('',(#1077,#1078,#1079,#1080));
#248=EDGE_LOOP('',(#1081,#1082,#1083,#1084));
#249=EDGE_LOOP('',(#1085,#1086,#1087,#1088));
#250=EDGE_LOOP('',(#1089,#1090,#1091,#1092));
#251=EDGE_LOOP('',(#1093,#1094,#1095,#1096));
#252=EDGE_LOOP('',(#1097,#1098,#1099,#1100));
#253=EDGE_LOOP('',(#1101,#1102,#1103,#1104));
#254=EDGE_LOOP('',(#1105,#1106,#1107,#1108));
#255=EDGE_LOOP('',(#1109,#1110,#1111,#1112));
#256=EDGE_LOOP('',(#1113,#1114,#1115,#1116));
#257=EDGE_LOOP('',(#1117,#1118,#1119,#1120));
#258=EDGE_LOOP('',(#1121,#1122,#1123,#1124));
#259=EDGE_LOOP('',(#1125,#1126,#1127,#1128));
#260=EDGE_LOOP('',(#1129,#1130,#1131,#1132));
#261=EDGE_LOOP('',(#1133,#1134,#1135,#1136));
#262=EDGE_LOOP('',(#1137,#1138,#1139,#1140));
#263=EDGE_LOOP('',(#1141,#1142,#1143,#1144));
#264=EDGE_LOOP('',(#1145,#1146,#1147,#1148,#1149,#1150,#1151,#1152,#1153,
#1154,#1155,#1156));
#265=EDGE_LOOP('',(#1157,#1158,#1159,#1160));
#266=EDGE_LOOP('',(#1161,#1162,#1163,#1164,#1165,#1166,#1167,#1168,#1169,
#1170,#1171,#1172));
#267=EDGE_LOOP('',(#1173,#1174,#1175,#1176,#1177,#1178));
#268=EDGE_LOOP('',(#1179));
#269=EDGE_LOOP('',(#1180,#1181,#1182,#1183));
#270=EDGE_LOOP('',(#1184,#1185,#1186,#1187,#1188,#1189,#1190,#1191,#1192,
#1193,#1194,#1195));
#271=EDGE_LOOP('',(#1196,#1197,#1198,#1199));
#272=EDGE_LOOP('',(#1200,#1201,#1202,#1203,#1204,#1205,#1206,#1207,#1208,
#1209,#1210,#1211));
#273=EDGE_LOOP('',(#1212,#1213,#1214,#1215));
#274=EDGE_LOOP('',(#1216,#1217,#1218,#1219,#1220,#1221,#1222,#1223));
#275=EDGE_LOOP('',(#1224,#1225,#1226,#1227));
#276=EDGE_LOOP('',(#1228,#1229,#1230,#1231));
#277=EDGE_LOOP('',(#1232,#1233,#1234,#1235));
#278=EDGE_LOOP('',(#1236,#1237,#1238,#1239,#1240,#1241,#1242,#1243));
#279=EDGE_LOOP('',(#1244,#1245,#1246,#1247));
#280=EDGE_LOOP('',(#1248,#1249,#1250,#1251));
#281=EDGE_LOOP('',(#1252,#1253,#1254,#1255));
#282=EDGE_LOOP('',(#1256,#1257,#1258,#1259));
#283=EDGE_LOOP('',(#1260,#1261,#1262,#1263));
#284=EDGE_LOOP('',(#1264,#1265,#1266,#1267));
#285=EDGE_LOOP('',(#1268,#1269,#1270,#1271,#1272,#1273,#1274,#1275));
#286=EDGE_LOOP('',(#1276,#1277,#1278,#1279));
#287=EDGE_LOOP('',(#1280,#1281,#1282,#1283));
#288=EDGE_LOOP('',(#1284,#1285,#1286,#1287));
#289=EDGE_LOOP('',(#1288,#1289,#1290,#1291));
#290=EDGE_LOOP('',(#1292,#1293,#1294,#1295));
#291=EDGE_LOOP('',(#1296,#1297,#1298,#1299));
#292=EDGE_LOOP('',(#1300,#1301,#1302,#1303,#1304,#1305,#1306,#1307));
#293=EDGE_LOOP('',(#1308,#1309,#1310,#1311));
#294=EDGE_LOOP('',(#1312,#1313,#1314,#1315));
#295=EDGE_LOOP('',(#1316,#1317,#1318,#1319));
#296=EDGE_LOOP('',(#1320,#1321,#1322,#1323));
#297=EDGE_LOOP('',(#1324,#1325,#1326,#1327));
#298=EDGE_LOOP('',(#1328,#1329,#1330,#1331));
#299=EDGE_LOOP('',(#1332,#1333,#1334,#1335));
#300=EDGE_LOOP('',(#1336,#1337,#1338,#1339));
#301=EDGE_LOOP('',(#1340,#1341,#1342,#1343,#1344));
#302=EDGE_LOOP('',(#1345));
#303=EDGE_LOOP('',(#1346,#1347,#1348,#1349));
#304=EDGE_LOOP('',(#1350,#1351,#1352,#1353));
#305=EDGE_LOOP('',(#1354,#1355,#1356,#1357));
#306=EDGE_LOOP('',(#1358,#1359,#1360,#1361));
#307=EDGE_LOOP('',(#1362,#1363,#1364,#1365));
#308=EDGE_LOOP('',(#1366,#1367,#1368,#1369));
#309=EDGE_LOOP('',(#1370,#1371,#1372,#1373));
#310=EDGE_LOOP('',(#1374,#1375,#1376,#1377));
#311=EDGE_LOOP('',(#1378));
#312=LINE('',#2061,#446);
#313=LINE('',#2063,#447);
#314=LINE('',#2065,#448);
#315=LINE('',#2066,#449);
#316=LINE('',#2070,#450);
#317=LINE('',#2072,#451);
#318=LINE('',#2074,#452);
#319=LINE('',#2075,#453);
#320=LINE('',#2082,#454);
#321=LINE('',#2084,#455);
#322=LINE('',#2086,#456);
#323=LINE('',#2087,#457);
#324=LINE('',#2091,#458);
#325=LINE('',#2093,#459);
#326=LINE('',#2095,#460);
#327=LINE('',#2096,#461);
#328=LINE('',#2103,#462);
#329=LINE('',#2105,#463);
#330=LINE('',#2107,#464);
#331=LINE('',#2108,#465);
#332=LINE('',#2112,#466);
#333=LINE('',#2114,#467);
#334=LINE('',#2116,#468);
#335=LINE('',#2117,#469);
#336=LINE('',#2124,#470);
#337=LINE('',#2126,#471);
#338=LINE('',#2128,#472);
#339=LINE('',#2129,#473);
#340=LINE('',#2133,#474);
#341=LINE('',#2135,#475);
#342=LINE('',#2137,#476);
#343=LINE('',#2138,#477);
#344=LINE('',#2146,#478);
#345=LINE('',#2150,#479);
#346=LINE('',#2156,#480);
#347=LINE('',#2160,#481);
#348=LINE('',#2166,#482);
#349=LINE('',#2170,#483);
#350=LINE('',#2176,#484);
#351=LINE('',#2180,#485);
#352=LINE('',#2186,#486);
#353=LINE('',#2580,#487);
#354=LINE('',#2582,#488);
#355=LINE('',#2583,#489);
#356=LINE('',#2586,#490);
#357=LINE('',#2590,#491);
#358=LINE('',#2593,#492);
#359=LINE('',#2596,#493);
#360=LINE('',#2597,#494);
#361=LINE('',#2600,#495);
#362=LINE('',#2602,#496);
#363=LINE('',#2603,#497);
#364=LINE('',#2606,#498);
#365=LINE('',#2607,#499);
#366=LINE('',#2610,#500);
#367=LINE('',#2611,#501);
#368=LINE('',#2614,#502);
#369=LINE('',#2616,#503);
#370=LINE('',#2617,#504);
#371=LINE('',#2620,#505);
#372=LINE('',#2624,#506);
#373=LINE('',#2627,#507);
#374=LINE('',#2630,#508);
#375=LINE('',#2631,#509);
#376=LINE('',#2634,#510);
#377=LINE('',#2635,#511);
#378=LINE('',#2640,#512);
#379=LINE('',#2643,#513);
#380=LINE('',#2646,#514);
#381=LINE('',#2647,#515);
#382=LINE('',#2650,#516);
#383=LINE('',#2651,#517);
#384=LINE('',#2653,#518);
#385=LINE('',#2656,#519);
#386=LINE('',#2657,#520);
#387=LINE('',#2662,#521);
#388=LINE('',#2665,#522);
#389=LINE('',#2668,#523);
#390=LINE('',#2671,#524);
#391=LINE('',#2675,#525);
#392=LINE('',#2679,#526);
#393=LINE('',#2683,#527);
#394=LINE('',#2686,#528);
#395=LINE('',#2690,#529);
#396=LINE('',#2694,#530);
#397=LINE('',#2699,#531);
#398=LINE('',#2702,#532);
#399=LINE('',#2706,#533);
#400=LINE('',#2710,#534);
#401=LINE('',#2714,#535);
#402=LINE('',#2717,#536);
#403=LINE('',#2721,#537);
#404=LINE('',#2725,#538);
#405=LINE('',#2730,#539);
#406=LINE('',#2731,#540);
#407=LINE('',#2732,#541);
#408=LINE('',#2735,#542);
#409=LINE('',#2739,#543);
#410=LINE('',#2740,#544);
#411=LINE('',#2746,#545);
#412=LINE('',#2747,#546);
#413=LINE('',#2748,#547);
#414=LINE('',#2751,#548);
#415=LINE('',#2755,#549);
#416=LINE('',#2756,#550);
#417=LINE('',#2763,#551);
#418=LINE('',#2764,#552);
#419=LINE('',#2766,#553);
#420=LINE('',#2768,#554);
#421=LINE('',#2772,#555);
#422=LINE('',#2773,#556);
#423=LINE('',#2774,#557);
#424=LINE('',#2777,#558);
#425=LINE('',#2781,#559);
#426=LINE('',#2782,#560);
#427=LINE('',#2789,#561);
#428=LINE('',#2790,#562);
#429=LINE('',#2792,#563);
#430=LINE('',#2794,#564);
#431=LINE('',#2798,#565);
#432=LINE('',#2799,#566);
#433=LINE('',#2800,#567);
#434=LINE('',#2803,#568);
#435=LINE('',#2807,#569);
#436=LINE('',#2808,#570);
#437=LINE('',#2815,#571);
#438=LINE('',#2816,#572);
#439=LINE('',#2818,#573);
#440=LINE('',#2820,#574);
#441=LINE('',#2825,#575);
#442=LINE('',#2826,#576);
#443=LINE('',#2828,#577);
#444=LINE('',#2830,#578);
#445=LINE('',#2833,#579);
#446=VECTOR('',#1655,10.);
#447=VECTOR('',#1656,10.);
#448=VECTOR('',#1657,10.);
#449=VECTOR('',#1658,10.);
#450=VECTOR('',#1661,10.);
#451=VECTOR('',#1662,10.);
#452=VECTOR('',#1663,10.);
#453=VECTOR('',#1664,10.);
#454=VECTOR('',#1673,10.);
#455=VECTOR('',#1674,10.);
#456=VECTOR('',#1675,10.);
#457=VECTOR('',#1676,10.);
#458=VECTOR('',#1679,10.);
#459=VECTOR('',#1680,10.);
#460=VECTOR('',#1681,10.);
#461=VECTOR('',#1682,10.);
#462=VECTOR('',#1691,10.);
#463=VECTOR('',#1692,10.);
#464=VECTOR('',#1693,10.);
#465=VECTOR('',#1694,10.);
#466=VECTOR('',#1697,10.);
#467=VECTOR('',#1698,10.);
#468=VECTOR('',#1699,10.);
#469=VECTOR('',#1700,10.);
#470=VECTOR('',#1709,10.);
#471=VECTOR('',#1710,10.);
#472=VECTOR('',#1711,10.);
#473=VECTOR('',#1712,10.);
#474=VECTOR('',#1715,10.);
#475=VECTOR('',#1716,10.);
#476=VECTOR('',#1717,10.);
#477=VECTOR('',#1718,10.);
#478=VECTOR('',#1729,10.);
#479=VECTOR('',#1732,10.);
#480=VECTOR('',#1739,10.);
#481=VECTOR('',#1742,10.);
#482=VECTOR('',#1749,10.);
#483=VECTOR('',#1752,10.);
#484=VECTOR('',#1759,10.);
#485=VECTOR('',#1762,10.);
#486=VECTOR('',#1769,2.);
#487=VECTOR('',#1778,10.);
#488=VECTOR('',#1779,10.);
#489=VECTOR('',#1780,10.);
#490=VECTOR('',#1783,10.);
#491=VECTOR('',#1788,10.);
#492=VECTOR('',#1791,10.);
#493=VECTOR('',#1794,10.);
#494=VECTOR('',#1795,10.);
#495=VECTOR('',#1798,10.);
#496=VECTOR('',#1799,10.);
#497=VECTOR('',#1800,10.);
#498=VECTOR('',#1803,10.);
#499=VECTOR('',#1804,10.);
#500=VECTOR('',#1807,10.);
#501=VECTOR('',#1808,10.);
#502=VECTOR('',#1811,10.);
#503=VECTOR('',#1812,10.);
#504=VECTOR('',#1813,10.);
#505=VECTOR('',#1816,10.);
#506=VECTOR('',#1821,10.);
#507=VECTOR('',#1824,10.);
#508=VECTOR('',#1827,10.);
#509=VECTOR('',#1828,10.);
#510=VECTOR('',#1831,10.);
#511=VECTOR('',#1832,10.);
#512=VECTOR('',#1839,10.);
#513=VECTOR('',#1844,10.);
#514=VECTOR('',#1847,10.);
#515=VECTOR('',#1848,10.);
#516=VECTOR('',#1851,10.);
#517=VECTOR('',#1852,10.);
#518=VECTOR('',#1855,10.);
#519=VECTOR('',#1858,10.);
#520=VECTOR('',#1859,10.);
#521=VECTOR('',#1866,10.);
#522=VECTOR('',#1871,10.);
#523=VECTOR('',#1874,10.);
#524=VECTOR('',#1877,10.);
#525=VECTOR('',#1880,10.);
#526=VECTOR('',#1883,10.);
#527=VECTOR('',#1888,10.);
#528=VECTOR('',#1891,10.);
#529=VECTOR('',#1894,10.);
#530=VECTOR('',#1897,10.);
#531=VECTOR('',#1904,10.);
#532=VECTOR('',#1907,10.);
#533=VECTOR('',#1910,10.);
#534=VECTOR('',#1913,10.);
#535=VECTOR('',#1918,10.);
#536=VECTOR('',#1921,10.);
#537=VECTOR('',#1924,10.);
#538=VECTOR('',#1927,10.);
#539=VECTOR('',#1932,10.);
#540=VECTOR('',#1933,10.);
#541=VECTOR('',#1934,10.);
#542=VECTOR('',#1937,10.);
#543=VECTOR('',#1942,10.);
#544=VECTOR('',#1943,10.);
#545=VECTOR('',#1950,10.);
#546=VECTOR('',#1951,10.);
#547=VECTOR('',#1952,10.);
#548=VECTOR('',#1955,10.);
#549=VECTOR('',#1960,10.);
#550=VECTOR('',#1961,10.);
#551=VECTOR('',#1970,10.);
#552=VECTOR('',#1971,10.);
#553=VECTOR('',#1974,10.);
#554=VECTOR('',#1977,10.);
#555=VECTOR('',#1980,10.);
#556=VECTOR('',#1981,10.);
#557=VECTOR('',#1982,10.);
#558=VECTOR('',#1985,10.);
#559=VECTOR('',#1990,10.);
#560=VECTOR('',#1991,10.);
#561=VECTOR('',#2000,10.);
#562=VECTOR('',#2001,10.);
#563=VECTOR('',#2004,10.);
#564=VECTOR('',#2007,10.);
#565=VECTOR('',#2010,10.);
#566=VECTOR('',#2011,10.);
#567=VECTOR('',#2012,10.);
#568=VECTOR('',#2015,10.);
#569=VECTOR('',#2020,10.);
#570=VECTOR('',#2021,10.);
#571=VECTOR('',#2030,10.);
#572=VECTOR('',#2031,10.);
#573=VECTOR('',#2034,10.);
#574=VECTOR('',#2037,10.);
#575=VECTOR('',#2042,10.);
#576=VECTOR('',#2043,10.);
#577=VECTOR('',#2046,10.);
#578=VECTOR('',#2049,10.);
#579=VECTOR('',#2052,15.);
#580=VERTEX_POINT('',#2059);
#581=VERTEX_POINT('',#2060);
#582=VERTEX_POINT('',#2062);
#583=VERTEX_POINT('',#2064);
#584=VERTEX_POINT('',#2068);
#585=VERTEX_POINT('',#2069);
#586=VERTEX_POINT('',#2071);
#587=VERTEX_POINT('',#2073);
#588=VERTEX_POINT('',#2080);
#589=VERTEX_POINT('',#2081);
#590=VERTEX_POINT('',#2083);
#591=VERTEX_POINT('',#2085);
#592=VERTEX_POINT('',#2089);
#593=VERTEX_POINT('',#2090);
#594=VERTEX_POINT('',#2092);
#595=VERTEX_POINT('',#2094);
#596=VERTEX_POINT('',#2101);
#597=VERTEX_POINT('',#2102);
#598=VERTEX_POINT('',#2104);
#599=VERTEX_POINT('',#2106);
#600=VERTEX_POINT('',#2110);
#601=VERTEX_POINT('',#2111);
#602=VERTEX_POINT('',#2113);
#603=VERTEX_POINT('',#2115);
#604=VERTEX_POINT('',#2122);
#605=VERTEX_POINT('',#2123);
#606=VERTEX_POINT('',#2125);
#607=VERTEX_POINT('',#2127);
#608=VERTEX_POINT('',#2131);
#609=VERTEX_POINT('',#2132);
#610=VERTEX_POINT('',#2134);
#611=VERTEX_POINT('',#2136);
#612=VERTEX_POINT('',#2143);
#613=VERTEX_POINT('',#2145);
#614=VERTEX_POINT('',#2147);
#615=VERTEX_POINT('',#2149);
#616=VERTEX_POINT('',#2153);
#617=VERTEX_POINT('',#2155);
#618=VERTEX_POINT('',#2157);
#619=VERTEX_POINT('',#2159);
#620=VERTEX_POINT('',#2163);
#621=VERTEX_POINT('',#2165);
#622=VERTEX_POINT('',#2167);
#623=VERTEX_POINT('',#2169);
#624=VERTEX_POINT('',#2173);
#625=VERTEX_POINT('',#2175);
#626=VERTEX_POINT('',#2177);
#627=VERTEX_POINT('',#2179);
#628=VERTEX_POINT('',#2183);
#629=VERTEX_POINT('',#2185);
#630=VERTEX_POINT('',#2323);
#631=VERTEX_POINT('',#2324);
#632=VERTEX_POINT('',#2337);
#633=VERTEX_POINT('',#2350);
#634=VERTEX_POINT('',#2363);
#635=VERTEX_POINT('',#2376);
#636=VERTEX_POINT('',#2401);
#637=VERTEX_POINT('',#2415);
#638=VERTEX_POINT('',#2418);
#639=VERTEX_POINT('',#2419);
#640=VERTEX_POINT('',#2430);
#641=VERTEX_POINT('',#2441);
#642=VERTEX_POINT('',#2458);
#643=VERTEX_POINT('',#2459);
#644=VERTEX_POINT('',#2470);
#645=VERTEX_POINT('',#2479);
#646=VERTEX_POINT('',#2498);
#647=VERTEX_POINT('',#2499);
#648=VERTEX_POINT('',#2510);
#649=VERTEX_POINT('',#2521);
#650=VERTEX_POINT('',#2538);
#651=VERTEX_POINT('',#2539);
#652=VERTEX_POINT('',#2550);
#653=VERTEX_POINT('',#2559);
#654=VERTEX_POINT('',#2579);
#655=VERTEX_POINT('',#2581);
#656=VERTEX_POINT('',#2585);
#657=VERTEX_POINT('',#2589);
#658=VERTEX_POINT('',#2591);
#659=VERTEX_POINT('',#2595);
#660=VERTEX_POINT('',#2599);
#661=VERTEX_POINT('',#2601);
#662=VERTEX_POINT('',#2605);
#663=VERTEX_POINT('',#2609);
#664=VERTEX_POINT('',#2613);
#665=VERTEX_POINT('',#2615);
#666=VERTEX_POINT('',#2619);
#667=VERTEX_POINT('',#2623);
#668=VERTEX_POINT('',#2625);
#669=VERTEX_POINT('',#2629);
#670=VERTEX_POINT('',#2633);
#671=VERTEX_POINT('',#2639);
#672=VERTEX_POINT('',#2645);
#673=VERTEX_POINT('',#2649);
#674=VERTEX_POINT('',#2655);
#675=VERTEX_POINT('',#2661);
#676=VERTEX_POINT('',#2667);
#677=VERTEX_POINT('',#2669);
#678=VERTEX_POINT('',#2672);
#679=VERTEX_POINT('',#2674);
#680=VERTEX_POINT('',#2676);
#681=VERTEX_POINT('',#2678);
#682=VERTEX_POINT('',#2682);
#683=VERTEX_POINT('',#2684);
#684=VERTEX_POINT('',#2687);
#685=VERTEX_POINT('',#2689);
#686=VERTEX_POINT('',#2691);
#687=VERTEX_POINT('',#2693);
#688=VERTEX_POINT('',#2698);
#689=VERTEX_POINT('',#2700);
#690=VERTEX_POINT('',#2703);
#691=VERTEX_POINT('',#2705);
#692=VERTEX_POINT('',#2707);
#693=VERTEX_POINT('',#2709);
#694=VERTEX_POINT('',#2713);
#695=VERTEX_POINT('',#2715);
#696=VERTEX_POINT('',#2718);
#697=VERTEX_POINT('',#2720);
#698=VERTEX_POINT('',#2722);
#699=VERTEX_POINT('',#2724);
#700=VERTEX_POINT('',#2728);
#701=VERTEX_POINT('',#2729);
#702=VERTEX_POINT('',#2734);
#703=VERTEX_POINT('',#2738);
#704=VERTEX_POINT('',#2744);
#705=VERTEX_POINT('',#2745);
#706=VERTEX_POINT('',#2750);
#707=VERTEX_POINT('',#2754);
#708=VERTEX_POINT('',#2760);
#709=VERTEX_POINT('',#2761);
#710=VERTEX_POINT('',#2770);
#711=VERTEX_POINT('',#2771);
#712=VERTEX_POINT('',#2776);
#713=VERTEX_POINT('',#2780);
#714=VERTEX_POINT('',#2786);
#715=VERTEX_POINT('',#2787);
#716=VERTEX_POINT('',#2796);
#717=VERTEX_POINT('',#2797);
#718=VERTEX_POINT('',#2802);
#719=VERTEX_POINT('',#2806);
#720=VERTEX_POINT('',#2812);
#721=VERTEX_POINT('',#2813);
#722=VERTEX_POINT('',#2822);
#723=VERTEX_POINT('',#2823);
#724=VERTEX_POINT('',#2832);
#725=EDGE_CURVE('',#580,#581,#312,.T.);
#726=EDGE_CURVE('',#580,#582,#313,.T.);
#727=EDGE_CURVE('',#583,#582,#314,.T.);
#728=EDGE_CURVE('',#581,#583,#315,.T.);
#729=EDGE_CURVE('',#584,#585,#316,.T.);
#730=EDGE_CURVE('',#586,#584,#317,.T.);
#731=EDGE_CURVE('',#587,#586,#318,.T.);
#732=EDGE_CURVE('',#587,#585,#319,.T.);
#733=EDGE_CURVE('',#585,#580,#83,.T.);
#734=EDGE_CURVE('',#582,#587,#84,.T.);
#735=EDGE_CURVE('',#588,#589,#320,.T.);
#736=EDGE_CURVE('',#588,#590,#321,.T.);
#737=EDGE_CURVE('',#591,#590,#322,.T.);
#738=EDGE_CURVE('',#589,#591,#323,.T.);
#739=EDGE_CURVE('',#592,#593,#324,.T.);
#740=EDGE_CURVE('',#594,#592,#325,.T.);
#741=EDGE_CURVE('',#595,#594,#326,.T.);
#742=EDGE_CURVE('',#595,#593,#327,.T.);
#743=EDGE_CURVE('',#593,#588,#85,.T.);
#744=EDGE_CURVE('',#590,#595,#86,.T.);
#745=EDGE_CURVE('',#596,#597,#328,.T.);
#746=EDGE_CURVE('',#598,#596,#329,.T.);
#747=EDGE_CURVE('',#598,#599,#330,.T.);
#748=EDGE_CURVE('',#597,#599,#331,.T.);
#749=EDGE_CURVE('',#600,#601,#332,.T.);
#750=EDGE_CURVE('',#602,#600,#333,.T.);
#751=EDGE_CURVE('',#602,#603,#334,.T.);
#752=EDGE_CURVE('',#601,#603,#335,.T.);
#753=EDGE_CURVE('',#599,#602,#87,.T.);
#754=EDGE_CURVE('',#603,#598,#88,.T.);
#755=EDGE_CURVE('',#604,#605,#336,.T.);
#756=EDGE_CURVE('',#604,#606,#337,.T.);
#757=EDGE_CURVE('',#607,#606,#338,.T.);
#758=EDGE_CURVE('',#605,#607,#339,.T.);
#759=EDGE_CURVE('',#608,#609,#340,.T.);
#760=EDGE_CURVE('',#610,#608,#341,.T.);
#761=EDGE_CURVE('',#611,#610,#342,.T.);
#762=EDGE_CURVE('',#611,#609,#343,.T.);
#763=EDGE_CURVE('',#609,#604,#89,.T.);
#764=EDGE_CURVE('',#606,#611,#90,.T.);
#765=EDGE_CURVE('',#612,#586,#91,.T.);
#766=EDGE_CURVE('',#613,#612,#344,.T.);
#767=EDGE_CURVE('',#613,#614,#92,.T.);
#768=EDGE_CURVE('',#614,#615,#345,.T.);
#769=EDGE_CURVE('',#583,#615,#93,.T.);
#770=EDGE_CURVE('',#616,#594,#94,.T.);
#771=EDGE_CURVE('',#617,#616,#346,.T.);
#772=EDGE_CURVE('',#617,#618,#95,.T.);
#773=EDGE_CURVE('',#618,#619,#347,.T.);
#774=EDGE_CURVE('',#591,#619,#96,.T.);
#775=EDGE_CURVE('',#620,#596,#97,.T.);
#776=EDGE_CURVE('',#621,#620,#348,.T.);
#777=EDGE_CURVE('',#621,#622,#98,.T.);
#778=EDGE_CURVE('',#622,#623,#349,.T.);
#779=EDGE_CURVE('',#601,#623,#99,.T.);
#780=EDGE_CURVE('',#624,#610,#100,.T.);
#781=EDGE_CURVE('',#625,#624,#350,.T.);
#782=EDGE_CURVE('',#625,#626,#101,.T.);
#783=EDGE_CURVE('',#626,#627,#351,.T.);
#784=EDGE_CURVE('',#607,#627,#102,.T.);
#785=EDGE_CURVE('',#628,#628,#103,.T.);
#786=EDGE_CURVE('',#628,#629,#352,.T.);
#787=EDGE_CURVE('',#629,#629,#104,.T.);
#788=EDGE_CURVE('',#630,#631,#34,.T.);
#789=EDGE_CURVE('',#632,#630,#35,.T.);
#790=EDGE_CURVE('',#633,#632,#36,.T.);
#791=EDGE_CURVE('',#634,#633,#37,.T.);
#792=EDGE_CURVE('',#635,#634,#38,.T.);
#793=EDGE_CURVE('',#631,#635,#39,.T.);
#794=EDGE_CURVE('',#631,#636,#33,.T.);
#795=EDGE_CURVE('',#637,#636,#105,.T.);
#796=EDGE_CURVE('',#636,#637,#106,.T.);
#797=EDGE_CURVE('',#638,#639,#40,.T.);
#798=EDGE_CURVE('',#640,#638,#41,.T.);
#799=EDGE_CURVE('',#641,#640,#42,.T.);
#800=EDGE_CURVE('',#639,#641,#43,.T.);
#801=EDGE_CURVE('',#642,#643,#44,.T.);
#802=EDGE_CURVE('',#644,#642,#45,.T.);
#803=EDGE_CURVE('',#645,#644,#46,.T.);
#804=EDGE_CURVE('',#643,#645,#47,.T.);
#805=EDGE_CURVE('',#646,#647,#48,.T.);
#806=EDGE_CURVE('',#648,#646,#49,.T.);
#807=EDGE_CURVE('',#649,#648,#50,.T.);
#808=EDGE_CURVE('',#647,#649,#51,.T.);
#809=EDGE_CURVE('',#650,#651,#52,.T.);
#810=EDGE_CURVE('',#652,#650,#53,.T.);
#811=EDGE_CURVE('',#653,#652,#54,.T.);
#812=EDGE_CURVE('',#651,#653,#55,.T.);
#813=EDGE_CURVE('',#654,#640,#353,.T.);
#814=EDGE_CURVE('',#655,#654,#354,.T.);
#815=EDGE_CURVE('',#655,#641,#355,.T.);
#816=EDGE_CURVE('',#656,#638,#356,.T.);
#817=EDGE_CURVE('',#654,#656,#107,.T.);
#818=EDGE_CURVE('',#657,#644,#357,.T.);
#819=EDGE_CURVE('',#658,#657,#108,.T.);
#820=EDGE_CURVE('',#658,#645,#358,.T.);
#821=EDGE_CURVE('',#659,#642,#359,.T.);
#822=EDGE_CURVE('',#657,#659,#360,.T.);
#823=EDGE_CURVE('',#660,#631,#361,.T.);
#824=EDGE_CURVE('',#661,#660,#362,.T.);
#825=EDGE_CURVE('',#661,#630,#363,.T.);
#826=EDGE_CURVE('',#662,#635,#364,.T.);
#827=EDGE_CURVE('',#660,#662,#365,.T.);
#828=EDGE_CURVE('',#663,#634,#366,.T.);
#829=EDGE_CURVE('',#662,#663,#367,.T.);
#830=EDGE_CURVE('',#664,#648,#368,.T.);
#831=EDGE_CURVE('',#665,#664,#369,.T.);
#832=EDGE_CURVE('',#665,#649,#370,.T.);
#833=EDGE_CURVE('',#666,#646,#371,.T.);
#834=EDGE_CURVE('',#664,#666,#109,.T.);
#835=EDGE_CURVE('',#667,#652,#372,.T.);
#836=EDGE_CURVE('',#668,#667,#110,.T.);
#837=EDGE_CURVE('',#668,#653,#373,.T.);
#838=EDGE_CURVE('',#669,#650,#374,.T.);
#839=EDGE_CURVE('',#667,#669,#375,.T.);
#840=EDGE_CURVE('',#670,#639,#376,.T.);
#841=EDGE_CURVE('',#656,#670,#377,.T.);
#842=EDGE_CURVE('',#670,#655,#111,.T.);
#843=EDGE_CURVE('',#671,#643,#378,.T.);
#844=EDGE_CURVE('',#659,#671,#112,.T.);
#845=EDGE_CURVE('',#671,#658,#379,.T.);
#846=EDGE_CURVE('',#672,#633,#380,.T.);
#847=EDGE_CURVE('',#663,#672,#381,.T.);
#848=EDGE_CURVE('',#673,#632,#382,.T.);
#849=EDGE_CURVE('',#672,#673,#383,.T.);
#850=EDGE_CURVE('',#673,#661,#384,.T.);
#851=EDGE_CURVE('',#674,#647,#385,.T.);
#852=EDGE_CURVE('',#666,#674,#386,.T.);
#853=EDGE_CURVE('',#674,#665,#113,.T.);
#854=EDGE_CURVE('',#675,#651,#387,.T.);
#855=EDGE_CURVE('',#669,#675,#114,.T.);
#856=EDGE_CURVE('',#675,#668,#388,.T.);
#857=EDGE_CURVE('',#615,#676,#389,.T.);
#858=EDGE_CURVE('',#676,#677,#115,.T.);
#859=EDGE_CURVE('',#677,#612,#390,.T.);
#860=EDGE_CURVE('',#584,#678,#116,.T.);
#861=EDGE_CURVE('',#678,#679,#391,.T.);
#862=EDGE_CURVE('',#679,#680,#117,.T.);
#863=EDGE_CURVE('',#680,#681,#392,.T.);
#864=EDGE_CURVE('',#681,#581,#118,.T.);
#865=EDGE_CURVE('',#623,#682,#393,.T.);
#866=EDGE_CURVE('',#682,#683,#119,.T.);
#867=EDGE_CURVE('',#683,#620,#394,.T.);
#868=EDGE_CURVE('',#597,#684,#120,.T.);
#869=EDGE_CURVE('',#684,#685,#395,.T.);
#870=EDGE_CURVE('',#685,#686,#121,.T.);
#871=EDGE_CURVE('',#686,#687,#396,.T.);
#872=EDGE_CURVE('',#687,#600,#122,.T.);
#873=EDGE_CURVE('',#627,#688,#397,.T.);
#874=EDGE_CURVE('',#688,#689,#123,.T.);
#875=EDGE_CURVE('',#689,#624,#398,.T.);
#876=EDGE_CURVE('',#608,#690,#124,.T.);
#877=EDGE_CURVE('',#690,#691,#399,.T.);
#878=EDGE_CURVE('',#691,#692,#125,.T.);
#879=EDGE_CURVE('',#692,#693,#400,.T.);
#880=EDGE_CURVE('',#693,#605,#126,.T.);
#881=EDGE_CURVE('',#619,#694,#401,.T.);
#882=EDGE_CURVE('',#694,#695,#127,.T.);
#883=EDGE_CURVE('',#695,#616,#402,.T.);
#884=EDGE_CURVE('',#592,#696,#128,.T.);
#885=EDGE_CURVE('',#696,#697,#403,.T.);
#886=EDGE_CURVE('',#697,#698,#129,.T.);
#887=EDGE_CURVE('',#698,#699,#404,.T.);
#888=EDGE_CURVE('',#699,#589,#130,.T.);
#889=EDGE_CURVE('',#700,#701,#405,.T.);
#890=EDGE_CURVE('',#701,#697,#406,.T.);
#891=EDGE_CURVE('',#700,#696,#407,.T.);
#892=EDGE_CURVE('',#702,#699,#408,.T.);
#893=EDGE_CURVE('',#702,#700,#131,.T.);
#894=EDGE_CURVE('',#703,#702,#409,.T.);
#895=EDGE_CURVE('',#703,#698,#410,.T.);
#896=EDGE_CURVE('',#701,#703,#132,.T.);
#897=EDGE_CURVE('',#704,#705,#411,.T.);
#898=EDGE_CURVE('',#705,#679,#412,.T.);
#899=EDGE_CURVE('',#704,#678,#413,.T.);
#900=EDGE_CURVE('',#706,#681,#414,.T.);
#901=EDGE_CURVE('',#706,#704,#133,.T.);
#902=EDGE_CURVE('',#707,#706,#415,.T.);
#903=EDGE_CURVE('',#707,#680,#416,.T.);
#904=EDGE_CURVE('',#705,#707,#134,.T.);
#905=EDGE_CURVE('',#708,#709,#135,.T.);
#906=EDGE_CURVE('',#709,#689,#417,.T.);
#907=EDGE_CURVE('',#708,#688,#418,.T.);
#908=EDGE_CURVE('',#626,#708,#419,.T.);
#909=EDGE_CURVE('',#709,#625,#420,.T.);
#910=EDGE_CURVE('',#710,#711,#421,.T.);
#911=EDGE_CURVE('',#711,#691,#422,.T.);
#912=EDGE_CURVE('',#710,#690,#423,.T.);
#913=EDGE_CURVE('',#712,#693,#424,.T.);
#914=EDGE_CURVE('',#712,#710,#136,.T.);
#915=EDGE_CURVE('',#713,#712,#425,.T.);
#916=EDGE_CURVE('',#713,#692,#426,.T.);
#917=EDGE_CURVE('',#711,#713,#137,.T.);
#918=EDGE_CURVE('',#714,#715,#138,.T.);
#919=EDGE_CURVE('',#715,#677,#427,.T.);
#920=EDGE_CURVE('',#714,#676,#428,.T.);
#921=EDGE_CURVE('',#614,#714,#429,.T.);
#922=EDGE_CURVE('',#715,#613,#430,.T.);
#923=EDGE_CURVE('',#716,#717,#431,.T.);
#924=EDGE_CURVE('',#717,#685,#432,.T.);
#925=EDGE_CURVE('',#716,#684,#433,.T.);
#926=EDGE_CURVE('',#718,#687,#434,.T.);
#927=EDGE_CURVE('',#718,#716,#139,.T.);
#928=EDGE_CURVE('',#719,#718,#435,.T.);
#929=EDGE_CURVE('',#719,#686,#436,.T.);
#930=EDGE_CURVE('',#717,#719,#140,.T.);
#931=EDGE_CURVE('',#720,#721,#141,.T.);
#932=EDGE_CURVE('',#721,#695,#437,.T.);
#933=EDGE_CURVE('',#720,#694,#438,.T.);
#934=EDGE_CURVE('',#618,#720,#439,.T.);
#935=EDGE_CURVE('',#721,#617,#440,.T.);
#936=EDGE_CURVE('',#722,#723,#142,.T.);
#937=EDGE_CURVE('',#723,#683,#441,.T.);
#938=EDGE_CURVE('',#722,#682,#442,.T.);
#939=EDGE_CURVE('',#622,#722,#443,.T.);
#940=EDGE_CURVE('',#723,#621,#444,.T.);
#941=EDGE_CURVE('',#637,#724,#445,.T.);
#942=EDGE_CURVE('',#724,#724,#143,.T.);
#943=ORIENTED_EDGE('',*,*,#725,.F.);
#944=ORIENTED_EDGE('',*,*,#726,.T.);
#945=ORIENTED_EDGE('',*,*,#727,.F.);
#946=ORIENTED_EDGE('',*,*,#728,.F.);
#947=ORIENTED_EDGE('',*,*,#729,.F.);
#948=ORIENTED_EDGE('',*,*,#730,.F.);
#949=ORIENTED_EDGE('',*,*,#731,.F.);
#950=ORIENTED_EDGE('',*,*,#732,.T.);
#951=ORIENTED_EDGE('',*,*,#733,.F.);
#952=ORIENTED_EDGE('',*,*,#732,.F.);
#953=ORIENTED_EDGE('',*,*,#734,.F.);
#954=ORIENTED_EDGE('',*,*,#726,.F.);
#955=ORIENTED_EDGE('',*,*,#735,.F.);
#956=ORIENTED_EDGE('',*,*,#736,.T.);
#957=ORIENTED_EDGE('',*,*,#737,.F.);
#958=ORIENTED_EDGE('',*,*,#738,.F.);
#959=ORIENTED_EDGE('',*,*,#739,.F.);
#960=ORIENTED_EDGE('',*,*,#740,.F.);
#961=ORIENTED_EDGE('',*,*,#741,.F.);
#962=ORIENTED_EDGE('',*,*,#742,.T.);
#963=ORIENTED_EDGE('',*,*,#743,.F.);
#964=ORIENTED_EDGE('',*,*,#742,.F.);
#965=ORIENTED_EDGE('',*,*,#744,.F.);
#966=ORIENTED_EDGE('',*,*,#736,.F.);
#967=ORIENTED_EDGE('',*,*,#745,.F.);
#968=ORIENTED_EDGE('',*,*,#746,.F.);
#969=ORIENTED_EDGE('',*,*,#747,.T.);
#970=ORIENTED_EDGE('',*,*,#748,.F.);
#971=ORIENTED_EDGE('',*,*,#749,.F.);
#972=ORIENTED_EDGE('',*,*,#750,.F.);
#973=ORIENTED_EDGE('',*,*,#751,.T.);
#974=ORIENTED_EDGE('',*,*,#752,.F.);
#975=ORIENTED_EDGE('',*,*,#751,.F.);
#976=ORIENTED_EDGE('',*,*,#753,.F.);
#977=ORIENTED_EDGE('',*,*,#747,.F.);
#978=ORIENTED_EDGE('',*,*,#754,.F.);
#979=ORIENTED_EDGE('',*,*,#755,.F.);
#980=ORIENTED_EDGE('',*,*,#756,.T.);
#981=ORIENTED_EDGE('',*,*,#757,.F.);
#982=ORIENTED_EDGE('',*,*,#758,.F.);
#983=ORIENTED_EDGE('',*,*,#759,.F.);
#984=ORIENTED_EDGE('',*,*,#760,.F.);
#985=ORIENTED_EDGE('',*,*,#761,.F.);
#986=ORIENTED_EDGE('',*,*,#762,.T.);
#987=ORIENTED_EDGE('',*,*,#763,.F.);
#988=ORIENTED_EDGE('',*,*,#762,.F.);
#989=ORIENTED_EDGE('',*,*,#764,.F.);
#990=ORIENTED_EDGE('',*,*,#756,.F.);
#991=ORIENTED_EDGE('',*,*,#727,.T.);
#992=ORIENTED_EDGE('',*,*,#734,.T.);
#993=ORIENTED_EDGE('',*,*,#731,.T.);
#994=ORIENTED_EDGE('',*,*,#765,.F.);
#995=ORIENTED_EDGE('',*,*,#766,.F.);
#996=ORIENTED_EDGE('',*,*,#767,.T.);
#997=ORIENTED_EDGE('',*,*,#768,.T.);
#998=ORIENTED_EDGE('',*,*,#769,.F.);
#999=ORIENTED_EDGE('',*,*,#737,.T.);
#1000=ORIENTED_EDGE('',*,*,#744,.T.);
#1001=ORIENTED_EDGE('',*,*,#741,.T.);
#1002=ORIENTED_EDGE('',*,*,#770,.F.);
#1003=ORIENTED_EDGE('',*,*,#771,.F.);
#1004=ORIENTED_EDGE('',*,*,#772,.T.);
#1005=ORIENTED_EDGE('',*,*,#773,.T.);
#1006=ORIENTED_EDGE('',*,*,#774,.F.);
#1007=ORIENTED_EDGE('',*,*,#752,.T.);
#1008=ORIENTED_EDGE('',*,*,#754,.T.);
#1009=ORIENTED_EDGE('',*,*,#746,.T.);
#1010=ORIENTED_EDGE('',*,*,#775,.F.);
#1011=ORIENTED_EDGE('',*,*,#776,.F.);
#1012=ORIENTED_EDGE('',*,*,#777,.T.);
#1013=ORIENTED_EDGE('',*,*,#778,.T.);
#1014=ORIENTED_EDGE('',*,*,#779,.F.);
#1015=ORIENTED_EDGE('',*,*,#757,.T.);
#1016=ORIENTED_EDGE('',*,*,#764,.T.);
#1017=ORIENTED_EDGE('',*,*,#761,.T.);
#1018=ORIENTED_EDGE('',*,*,#780,.F.);
#1019=ORIENTED_EDGE('',*,*,#781,.F.);
#1020=ORIENTED_EDGE('',*,*,#782,.T.);
#1021=ORIENTED_EDGE('',*,*,#783,.T.);
#1022=ORIENTED_EDGE('',*,*,#784,.F.);
#1023=ORIENTED_EDGE('',*,*,#785,.F.);
#1024=ORIENTED_EDGE('',*,*,#786,.T.);
#1025=ORIENTED_EDGE('',*,*,#787,.F.);
#1026=ORIENTED_EDGE('',*,*,#786,.F.);
#1027=ORIENTED_EDGE('',*,*,#788,.F.);
#1028=ORIENTED_EDGE('',*,*,#789,.F.);
#1029=ORIENTED_EDGE('',*,*,#790,.F.);
#1030=ORIENTED_EDGE('',*,*,#791,.F.);
#1031=ORIENTED_EDGE('',*,*,#792,.F.);
#1032=ORIENTED_EDGE('',*,*,#793,.F.);
#1033=ORIENTED_EDGE('',*,*,#794,.T.);
#1034=ORIENTED_EDGE('',*,*,#795,.F.);
#1035=ORIENTED_EDGE('',*,*,#796,.F.);
#1036=ORIENTED_EDGE('',*,*,#794,.F.);
#1037=ORIENTED_EDGE('',*,*,#797,.F.);
#1038=ORIENTED_EDGE('',*,*,#798,.F.);
#1039=ORIENTED_EDGE('',*,*,#799,.F.);
#1040=ORIENTED_EDGE('',*,*,#800,.F.);
#1041=ORIENTED_EDGE('',*,*,#801,.F.);
#1042=ORIENTED_EDGE('',*,*,#802,.F.);
#1043=ORIENTED_EDGE('',*,*,#803,.F.);
#1044=ORIENTED_EDGE('',*,*,#804,.F.);
#1045=ORIENTED_EDGE('',*,*,#805,.F.);
#1046=ORIENTED_EDGE('',*,*,#806,.F.);
#1047=ORIENTED_EDGE('',*,*,#807,.F.);
#1048=ORIENTED_EDGE('',*,*,#808,.F.);
#1049=ORIENTED_EDGE('',*,*,#809,.F.);
#1050=ORIENTED_EDGE('',*,*,#810,.F.);
#1051=ORIENTED_EDGE('',*,*,#811,.F.);
#1052=ORIENTED_EDGE('',*,*,#812,.F.);
#1053=ORIENTED_EDGE('',*,*,#799,.T.);
#1054=ORIENTED_EDGE('',*,*,#813,.F.);
#1055=ORIENTED_EDGE('',*,*,#814,.F.);
#1056=ORIENTED_EDGE('',*,*,#815,.T.);
#1057=ORIENTED_EDGE('',*,*,#798,.T.);
#1058=ORIENTED_EDGE('',*,*,#816,.F.);
#1059=ORIENTED_EDGE('',*,*,#817,.F.);
#1060=ORIENTED_EDGE('',*,*,#813,.T.);
#1061=ORIENTED_EDGE('',*,*,#803,.T.);
#1062=ORIENTED_EDGE('',*,*,#818,.F.);
#1063=ORIENTED_EDGE('',*,*,#819,.F.);
#1064=ORIENTED_EDGE('',*,*,#820,.T.);
#1065=ORIENTED_EDGE('',*,*,#802,.T.);
#1066=ORIENTED_EDGE('',*,*,#821,.F.);
#1067=ORIENTED_EDGE('',*,*,#822,.F.);
#1068=ORIENTED_EDGE('',*,*,#818,.T.);
#1069=ORIENTED_EDGE('',*,*,#788,.T.);
#1070=ORIENTED_EDGE('',*,*,#823,.F.);
#1071=ORIENTED_EDGE('',*,*,#824,.F.);
#1072=ORIENTED_EDGE('',*,*,#825,.T.);
#1073=ORIENTED_EDGE('',*,*,#793,.T.);
#1074=ORIENTED_EDGE('',*,*,#826,.F.);
#1075=ORIENTED_EDGE('',*,*,#827,.F.);
#1076=ORIENTED_EDGE('',*,*,#823,.T.);
#1077=ORIENTED_EDGE('',*,*,#792,.T.);
#1078=ORIENTED_EDGE('',*,*,#828,.F.);
#1079=ORIENTED_EDGE('',*,*,#829,.F.);
#1080=ORIENTED_EDGE('',*,*,#826,.T.);
#1081=ORIENTED_EDGE('',*,*,#807,.T.);
#1082=ORIENTED_EDGE('',*,*,#830,.F.);
#1083=ORIENTED_EDGE('',*,*,#831,.F.);
#1084=ORIENTED_EDGE('',*,*,#832,.T.);
#1085=ORIENTED_EDGE('',*,*,#806,.T.);
#1086=ORIENTED_EDGE('',*,*,#833,.F.);
#1087=ORIENTED_EDGE('',*,*,#834,.F.);
#1088=ORIENTED_EDGE('',*,*,#830,.T.);
#1089=ORIENTED_EDGE('',*,*,#811,.T.);
#1090=ORIENTED_EDGE('',*,*,#835,.F.);
#1091=ORIENTED_EDGE('',*,*,#836,.F.);
#1092=ORIENTED_EDGE('',*,*,#837,.T.);
#1093=ORIENTED_EDGE('',*,*,#810,.T.);
#1094=ORIENTED_EDGE('',*,*,#838,.F.);
#1095=ORIENTED_EDGE('',*,*,#839,.F.);
#1096=ORIENTED_EDGE('',*,*,#835,.T.);
#1097=ORIENTED_EDGE('',*,*,#797,.T.);
#1098=ORIENTED_EDGE('',*,*,#840,.F.);
#1099=ORIENTED_EDGE('',*,*,#841,.F.);
#1100=ORIENTED_EDGE('',*,*,#816,.T.);
#1101=ORIENTED_EDGE('',*,*,#800,.T.);
#1102=ORIENTED_EDGE('',*,*,#815,.F.);
#1103=ORIENTED_EDGE('',*,*,#842,.F.);
#1104=ORIENTED_EDGE('',*,*,#840,.T.);
#1105=ORIENTED_EDGE('',*,*,#801,.T.);
#1106=ORIENTED_EDGE('',*,*,#843,.F.);
#1107=ORIENTED_EDGE('',*,*,#844,.F.);
#1108=ORIENTED_EDGE('',*,*,#821,.T.);
#1109=ORIENTED_EDGE('',*,*,#804,.T.);
#1110=ORIENTED_EDGE('',*,*,#820,.F.);
#1111=ORIENTED_EDGE('',*,*,#845,.F.);
#1112=ORIENTED_EDGE('',*,*,#843,.T.);
#1113=ORIENTED_EDGE('',*,*,#791,.T.);
#1114=ORIENTED_EDGE('',*,*,#846,.F.);
#1115=ORIENTED_EDGE('',*,*,#847,.F.);
#1116=ORIENTED_EDGE('',*,*,#828,.T.);
#1117=ORIENTED_EDGE('',*,*,#790,.T.);
#1118=ORIENTED_EDGE('',*,*,#848,.F.);
#1119=ORIENTED_EDGE('',*,*,#849,.F.);
#1120=ORIENTED_EDGE('',*,*,#846,.T.);
#1121=ORIENTED_EDGE('',*,*,#789,.T.);
#1122=ORIENTED_EDGE('',*,*,#825,.F.);
#1123=ORIENTED_EDGE('',*,*,#850,.F.);
#1124=ORIENTED_EDGE('',*,*,#848,.T.);
#1125=ORIENTED_EDGE('',*,*,#805,.T.);
#1126=ORIENTED_EDGE('',*,*,#851,.F.);
#1127=ORIENTED_EDGE('',*,*,#852,.F.);
#1128=ORIENTED_EDGE('',*,*,#833,.T.);
#1129=ORIENTED_EDGE('',*,*,#808,.T.);
#1130=ORIENTED_EDGE('',*,*,#832,.F.);
#1131=ORIENTED_EDGE('',*,*,#853,.F.);
#1132=ORIENTED_EDGE('',*,*,#851,.T.);
#1133=ORIENTED_EDGE('',*,*,#809,.T.);
#1134=ORIENTED_EDGE('',*,*,#854,.F.);
#1135=ORIENTED_EDGE('',*,*,#855,.F.);
#1136=ORIENTED_EDGE('',*,*,#838,.T.);
#1137=ORIENTED_EDGE('',*,*,#812,.T.);
#1138=ORIENTED_EDGE('',*,*,#837,.F.);
#1139=ORIENTED_EDGE('',*,*,#856,.F.);
#1140=ORIENTED_EDGE('',*,*,#854,.T.);
#1141=ORIENTED_EDGE('',*,*,#855,.T.);
#1142=ORIENTED_EDGE('',*,*,#856,.T.);
#1143=ORIENTED_EDGE('',*,*,#836,.T.);
#1144=ORIENTED_EDGE('',*,*,#839,.T.);
#1145=ORIENTED_EDGE('',*,*,#728,.T.);
#1146=ORIENTED_EDGE('',*,*,#769,.T.);
#1147=ORIENTED_EDGE('',*,*,#857,.T.);
#1148=ORIENTED_EDGE('',*,*,#858,.T.);
#1149=ORIENTED_EDGE('',*,*,#859,.T.);
#1150=ORIENTED_EDGE('',*,*,#765,.T.);
#1151=ORIENTED_EDGE('',*,*,#730,.T.);
#1152=ORIENTED_EDGE('',*,*,#860,.T.);
#1153=ORIENTED_EDGE('',*,*,#861,.T.);
#1154=ORIENTED_EDGE('',*,*,#862,.T.);
#1155=ORIENTED_EDGE('',*,*,#863,.T.);
#1156=ORIENTED_EDGE('',*,*,#864,.T.);
#1157=ORIENTED_EDGE('',*,*,#852,.T.);
#1158=ORIENTED_EDGE('',*,*,#853,.T.);
#1159=ORIENTED_EDGE('',*,*,#831,.T.);
#1160=ORIENTED_EDGE('',*,*,#834,.T.);
#1161=ORIENTED_EDGE('',*,*,#749,.T.);
#1162=ORIENTED_EDGE('',*,*,#779,.T.);
#1163=ORIENTED_EDGE('',*,*,#865,.T.);
#1164=ORIENTED_EDGE('',*,*,#866,.T.);
#1165=ORIENTED_EDGE('',*,*,#867,.T.);
#1166=ORIENTED_EDGE('',*,*,#775,.T.);
#1167=ORIENTED_EDGE('',*,*,#745,.T.);
#1168=ORIENTED_EDGE('',*,*,#868,.T.);
#1169=ORIENTED_EDGE('',*,*,#869,.T.);
#1170=ORIENTED_EDGE('',*,*,#870,.T.);
#1171=ORIENTED_EDGE('',*,*,#871,.T.);
#1172=ORIENTED_EDGE('',*,*,#872,.T.);
#1173=ORIENTED_EDGE('',*,*,#847,.T.);
#1174=ORIENTED_EDGE('',*,*,#849,.T.);
#1175=ORIENTED_EDGE('',*,*,#850,.T.);
#1176=ORIENTED_EDGE('',*,*,#824,.T.);
#1177=ORIENTED_EDGE('',*,*,#827,.T.);
#1178=ORIENTED_EDGE('',*,*,#829,.T.);
#1179=ORIENTED_EDGE('',*,*,#785,.T.);
#1180=ORIENTED_EDGE('',*,*,#844,.T.);
#1181=ORIENTED_EDGE('',*,*,#845,.T.);
#1182=ORIENTED_EDGE('',*,*,#819,.T.);
#1183=ORIENTED_EDGE('',*,*,#822,.T.);
#1184=ORIENTED_EDGE('',*,*,#758,.T.);
#1185=ORIENTED_EDGE('',*,*,#784,.T.);
#1186=ORIENTED_EDGE('',*,*,#873,.T.);
#1187=ORIENTED_EDGE('',*,*,#874,.T.);
#1188=ORIENTED_EDGE('',*,*,#875,.T.);
#1189=ORIENTED_EDGE('',*,*,#780,.T.);
#1190=ORIENTED_EDGE('',*,*,#760,.T.);
#1191=ORIENTED_EDGE('',*,*,#876,.T.);
#1192=ORIENTED_EDGE('',*,*,#877,.T.);
#1193=ORIENTED_EDGE('',*,*,#878,.T.);
#1194=ORIENTED_EDGE('',*,*,#879,.T.);
#1195=ORIENTED_EDGE('',*,*,#880,.T.);
#1196=ORIENTED_EDGE('',*,*,#841,.T.);
#1197=ORIENTED_EDGE('',*,*,#842,.T.);
#1198=ORIENTED_EDGE('',*,*,#814,.T.);
#1199=ORIENTED_EDGE('',*,*,#817,.T.);
#1200=ORIENTED_EDGE('',*,*,#738,.T.);
#1201=ORIENTED_EDGE('',*,*,#774,.T.);
#1202=ORIENTED_EDGE('',*,*,#881,.T.);
#1203=ORIENTED_EDGE('',*,*,#882,.T.);
#1204=ORIENTED_EDGE('',*,*,#883,.T.);
#1205=ORIENTED_EDGE('',*,*,#770,.T.);
#1206=ORIENTED_EDGE('',*,*,#740,.T.);
#1207=ORIENTED_EDGE('',*,*,#884,.T.);
#1208=ORIENTED_EDGE('',*,*,#885,.T.);
#1209=ORIENTED_EDGE('',*,*,#886,.T.);
#1210=ORIENTED_EDGE('',*,*,#887,.T.);
#1211=ORIENTED_EDGE('',*,*,#888,.T.);
#1212=ORIENTED_EDGE('',*,*,#889,.T.);
#1213=ORIENTED_EDGE('',*,*,#890,.T.);
#1214=ORIENTED_EDGE('',*,*,#885,.F.);
#1215=ORIENTED_EDGE('',*,*,#891,.F.);
#1216=ORIENTED_EDGE('',*,*,#735,.T.);
#1217=ORIENTED_EDGE('',*,*,#888,.F.);
#1218=ORIENTED_EDGE('',*,*,#892,.F.);
#1219=ORIENTED_EDGE('',*,*,#893,.T.);
#1220=ORIENTED_EDGE('',*,*,#891,.T.);
#1221=ORIENTED_EDGE('',*,*,#884,.F.);
#1222=ORIENTED_EDGE('',*,*,#739,.T.);
#1223=ORIENTED_EDGE('',*,*,#743,.T.);
#1224=ORIENTED_EDGE('',*,*,#894,.T.);
#1225=ORIENTED_EDGE('',*,*,#892,.T.);
#1226=ORIENTED_EDGE('',*,*,#887,.F.);
#1227=ORIENTED_EDGE('',*,*,#895,.F.);
#1228=ORIENTED_EDGE('',*,*,#896,.T.);
#1229=ORIENTED_EDGE('',*,*,#895,.T.);
#1230=ORIENTED_EDGE('',*,*,#886,.F.);
#1231=ORIENTED_EDGE('',*,*,#890,.F.);
#1232=ORIENTED_EDGE('',*,*,#897,.T.);
#1233=ORIENTED_EDGE('',*,*,#898,.T.);
#1234=ORIENTED_EDGE('',*,*,#861,.F.);
#1235=ORIENTED_EDGE('',*,*,#899,.F.);
#1236=ORIENTED_EDGE('',*,*,#725,.T.);
#1237=ORIENTED_EDGE('',*,*,#864,.F.);
#1238=ORIENTED_EDGE('',*,*,#900,.F.);
#1239=ORIENTED_EDGE('',*,*,#901,.T.);
#1240=ORIENTED_EDGE('',*,*,#899,.T.);
#1241=ORIENTED_EDGE('',*,*,#860,.F.);
#1242=ORIENTED_EDGE('',*,*,#729,.T.);
#1243=ORIENTED_EDGE('',*,*,#733,.T.);
#1244=ORIENTED_EDGE('',*,*,#902,.T.);
#1245=ORIENTED_EDGE('',*,*,#900,.T.);
#1246=ORIENTED_EDGE('',*,*,#863,.F.);
#1247=ORIENTED_EDGE('',*,*,#903,.F.);
#1248=ORIENTED_EDGE('',*,*,#904,.T.);
#1249=ORIENTED_EDGE('',*,*,#903,.T.);
#1250=ORIENTED_EDGE('',*,*,#862,.F.);
#1251=ORIENTED_EDGE('',*,*,#898,.F.);
#1252=ORIENTED_EDGE('',*,*,#905,.T.);
#1253=ORIENTED_EDGE('',*,*,#906,.T.);
#1254=ORIENTED_EDGE('',*,*,#874,.F.);
#1255=ORIENTED_EDGE('',*,*,#907,.F.);
#1256=ORIENTED_EDGE('',*,*,#908,.T.);
#1257=ORIENTED_EDGE('',*,*,#907,.T.);
#1258=ORIENTED_EDGE('',*,*,#873,.F.);
#1259=ORIENTED_EDGE('',*,*,#783,.F.);
#1260=ORIENTED_EDGE('',*,*,#909,.T.);
#1261=ORIENTED_EDGE('',*,*,#781,.T.);
#1262=ORIENTED_EDGE('',*,*,#875,.F.);
#1263=ORIENTED_EDGE('',*,*,#906,.F.);
#1264=ORIENTED_EDGE('',*,*,#910,.T.);
#1265=ORIENTED_EDGE('',*,*,#911,.T.);
#1266=ORIENTED_EDGE('',*,*,#877,.F.);
#1267=ORIENTED_EDGE('',*,*,#912,.F.);
#1268=ORIENTED_EDGE('',*,*,#755,.T.);
#1269=ORIENTED_EDGE('',*,*,#880,.F.);
#1270=ORIENTED_EDGE('',*,*,#913,.F.);
#1271=ORIENTED_EDGE('',*,*,#914,.T.);
#1272=ORIENTED_EDGE('',*,*,#912,.T.);
#1273=ORIENTED_EDGE('',*,*,#876,.F.);
#1274=ORIENTED_EDGE('',*,*,#759,.T.);
#1275=ORIENTED_EDGE('',*,*,#763,.T.);
#1276=ORIENTED_EDGE('',*,*,#915,.T.);
#1277=ORIENTED_EDGE('',*,*,#913,.T.);
#1278=ORIENTED_EDGE('',*,*,#879,.F.);
#1279=ORIENTED_EDGE('',*,*,#916,.F.);
#1280=ORIENTED_EDGE('',*,*,#917,.T.);
#1281=ORIENTED_EDGE('',*,*,#916,.T.);
#1282=ORIENTED_EDGE('',*,*,#878,.F.);
#1283=ORIENTED_EDGE('',*,*,#911,.F.);
#1284=ORIENTED_EDGE('',*,*,#918,.T.);
#1285=ORIENTED_EDGE('',*,*,#919,.T.);
#1286=ORIENTED_EDGE('',*,*,#858,.F.);
#1287=ORIENTED_EDGE('',*,*,#920,.F.);
#1288=ORIENTED_EDGE('',*,*,#921,.T.);
#1289=ORIENTED_EDGE('',*,*,#920,.T.);
#1290=ORIENTED_EDGE('',*,*,#857,.F.);
#1291=ORIENTED_EDGE('',*,*,#768,.F.);
#1292=ORIENTED_EDGE('',*,*,#922,.T.);
#1293=ORIENTED_EDGE('',*,*,#766,.T.);
#1294=ORIENTED_EDGE('',*,*,#859,.F.);
#1295=ORIENTED_EDGE('',*,*,#919,.F.);
#1296=ORIENTED_EDGE('',*,*,#923,.T.);
#1297=ORIENTED_EDGE('',*,*,#924,.T.);
#1298=ORIENTED_EDGE('',*,*,#869,.F.);
#1299=ORIENTED_EDGE('',*,*,#925,.F.);
#1300=ORIENTED_EDGE('',*,*,#750,.T.);
#1301=ORIENTED_EDGE('',*,*,#872,.F.);
#1302=ORIENTED_EDGE('',*,*,#926,.F.);
#1303=ORIENTED_EDGE('',*,*,#927,.T.);
#1304=ORIENTED_EDGE('',*,*,#925,.T.);
#1305=ORIENTED_EDGE('',*,*,#868,.F.);
#1306=ORIENTED_EDGE('',*,*,#748,.T.);
#1307=ORIENTED_EDGE('',*,*,#753,.T.);
#1308=ORIENTED_EDGE('',*,*,#928,.T.);
#1309=ORIENTED_EDGE('',*,*,#926,.T.);
#1310=ORIENTED_EDGE('',*,*,#871,.F.);
#1311=ORIENTED_EDGE('',*,*,#929,.F.);
#1312=ORIENTED_EDGE('',*,*,#930,.T.);
#1313=ORIENTED_EDGE('',*,*,#929,.T.);
#1314=ORIENTED_EDGE('',*,*,#870,.F.);
#1315=ORIENTED_EDGE('',*,*,#924,.F.);
#1316=ORIENTED_EDGE('',*,*,#931,.T.);
#1317=ORIENTED_EDGE('',*,*,#932,.T.);
#1318=ORIENTED_EDGE('',*,*,#882,.F.);
#1319=ORIENTED_EDGE('',*,*,#933,.F.);
#1320=ORIENTED_EDGE('',*,*,#934,.T.);
#1321=ORIENTED_EDGE('',*,*,#933,.T.);
#1322=ORIENTED_EDGE('',*,*,#881,.F.);
#1323=ORIENTED_EDGE('',*,*,#773,.F.);
#1324=ORIENTED_EDGE('',*,*,#935,.T.);
#1325=ORIENTED_EDGE('',*,*,#771,.T.);
#1326=ORIENTED_EDGE('',*,*,#883,.F.);
#1327=ORIENTED_EDGE('',*,*,#932,.F.);
#1328=ORIENTED_EDGE('',*,*,#936,.T.);
#1329=ORIENTED_EDGE('',*,*,#937,.T.);
#1330=ORIENTED_EDGE('',*,*,#866,.F.);
#1331=ORIENTED_EDGE('',*,*,#938,.F.);
#1332=ORIENTED_EDGE('',*,*,#939,.T.);
#1333=ORIENTED_EDGE('',*,*,#938,.T.);
#1334=ORIENTED_EDGE('',*,*,#865,.F.);
#1335=ORIENTED_EDGE('',*,*,#778,.F.);
#1336=ORIENTED_EDGE('',*,*,#940,.T.);
#1337=ORIENTED_EDGE('',*,*,#776,.T.);
#1338=ORIENTED_EDGE('',*,*,#867,.F.);
#1339=ORIENTED_EDGE('',*,*,#937,.F.);
#1340=ORIENTED_EDGE('',*,*,#796,.T.);
#1341=ORIENTED_EDGE('',*,*,#941,.T.);
#1342=ORIENTED_EDGE('',*,*,#942,.T.);
#1343=ORIENTED_EDGE('',*,*,#941,.F.);
#1344=ORIENTED_EDGE('',*,*,#795,.T.);
#1345=ORIENTED_EDGE('',*,*,#942,.F.);
#1346=ORIENTED_EDGE('',*,*,#896,.F.);
#1347=ORIENTED_EDGE('',*,*,#889,.F.);
#1348=ORIENTED_EDGE('',*,*,#893,.F.);
#1349=ORIENTED_EDGE('',*,*,#894,.F.);
#1350=ORIENTED_EDGE('',*,*,#904,.F.);
#1351=ORIENTED_EDGE('',*,*,#897,.F.);
#1352=ORIENTED_EDGE('',*,*,#901,.F.);
#1353=ORIENTED_EDGE('',*,*,#902,.F.);
#1354=ORIENTED_EDGE('',*,*,#909,.F.);
#1355=ORIENTED_EDGE('',*,*,#905,.F.);
#1356=ORIENTED_EDGE('',*,*,#908,.F.);
#1357=ORIENTED_EDGE('',*,*,#782,.F.);
#1358=ORIENTED_EDGE('',*,*,#917,.F.);
#1359=ORIENTED_EDGE('',*,*,#910,.F.);
#1360=ORIENTED_EDGE('',*,*,#914,.F.);
#1361=ORIENTED_EDGE('',*,*,#915,.F.);
#1362=ORIENTED_EDGE('',*,*,#922,.F.);
#1363=ORIENTED_EDGE('',*,*,#918,.F.);
#1364=ORIENTED_EDGE('',*,*,#921,.F.);
#1365=ORIENTED_EDGE('',*,*,#767,.F.);
#1366=ORIENTED_EDGE('',*,*,#930,.F.);
#1367=ORIENTED_EDGE('',*,*,#923,.F.);
#1368=ORIENTED_EDGE('',*,*,#927,.F.);
#1369=ORIENTED_EDGE('',*,*,#928,.F.);
#1370=ORIENTED_EDGE('',*,*,#935,.F.);
#1371=ORIENTED_EDGE('',*,*,#931,.F.);
#1372=ORIENTED_EDGE('',*,*,#934,.F.);
#1373=ORIENTED_EDGE('',*,*,#772,.F.);
#1374=ORIENTED_EDGE('',*,*,#940,.F.);
#1375=ORIENTED_EDGE('',*,*,#936,.F.);
#1376=ORIENTED_EDGE('',*,*,#939,.F.);
#1377=ORIENTED_EDGE('',*,*,#777,.F.);
#1378=ORIENTED_EDGE('',*,*,#787,.T.);
#1379=PLANE('',#1516);
#1380=PLANE('',#1517);
#1381=PLANE('',#1518);
#1382=PLANE('',#1521);
#1383=PLANE('',#1522);
#1384=PLANE('',#1523);
#1385=PLANE('',#1526);
#1386=PLANE('',#1527);
#1387=PLANE('',#1528);
#1388=PLANE('',#1531);
#1389=PLANE('',#1532);
#1390=PLANE('',#1533);
#1391=PLANE('',#1557);
#1392=PLANE('',#1562);
#1393=PLANE('',#1563);
#1394=PLANE('',#1564);
#1395=PLANE('',#1565);
#1396=PLANE('',#1566);
#1397=PLANE('',#1571);
#1398=PLANE('',#1572);
#1399=PLANE('',#1577);
#1400=PLANE('',#1578);
#1401=PLANE('',#1579);
#1402=PLANE('',#1580);
#1403=PLANE('',#1581);
#1404=PLANE('',#1586);
#1405=PLANE('',#1587);
#1406=PLANE('',#1592);
#1407=PLANE('',#1597);
#1408=PLANE('',#1598);
#1409=PLANE('',#1603);
#1410=PLANE('',#1608);
#1411=PLANE('',#1611);
#1412=PLANE('',#1614);
#1413=PLANE('',#1617);
#1414=PLANE('',#1622);
#1415=PLANE('',#1623);
#1416=PLANE('',#1624);
#1417=PLANE('',#1627);
#1418=PLANE('',#1632);
#1419=PLANE('',#1633);
#1420=PLANE('',#1634);
#1421=PLANE('',#1637);
#1422=PLANE('',#1642);
#1423=PLANE('',#1643);
#1424=PLANE('',#1646);
#1425=PLANE('',#1647);
#1426=PLANE('',#1650);
#1427=ADVANCED_FACE('',(#144),#1379,.F.);
#1428=ADVANCED_FACE('',(#145),#1380,.F.);
#1429=ADVANCED_FACE('',(#146),#1381,.F.);
#1430=ADVANCED_FACE('',(#147),#1382,.F.);
#1431=ADVANCED_FACE('',(#148),#1383,.F.);
#1432=ADVANCED_FACE('',(#149),#1384,.F.);
#1433=ADVANCED_FACE('',(#150),#1385,.F.);
#1434=ADVANCED_FACE('',(#151),#1386,.F.);
#1435=ADVANCED_FACE('',(#152),#1387,.T.);
#1436=ADVANCED_FACE('',(#153),#1388,.F.);
#1437=ADVANCED_FACE('',(#154),#1389,.F.);
#1438=ADVANCED_FACE('',(#155),#1390,.F.);
#1439=ADVANCED_FACE('',(#156),#57,.F.);
#1440=ADVANCED_FACE('',(#157),#58,.F.);
#1441=ADVANCED_FACE('',(#158),#59,.F.);
#1442=ADVANCED_FACE('',(#159),#60,.F.);
#1443=ADVANCED_FACE('',(#160),#61,.F.);
#1444=ADVANCED_FACE('',(#161,#15,#16,#17,#18),#56,.F.);
#1445=ADVANCED_FACE('',(#162),#1391,.T.);
#1446=ADVANCED_FACE('',(#163),#62,.F.);
#1447=ADVANCED_FACE('',(#164),#63,.T.);
#1448=ADVANCED_FACE('',(#165),#1392,.T.);
#1449=ADVANCED_FACE('',(#166),#1393,.T.);
#1450=ADVANCED_FACE('',(#167),#1394,.T.);
#1451=ADVANCED_FACE('',(#168),#1395,.T.);
#1452=ADVANCED_FACE('',(#169),#1396,.T.);
#1453=ADVANCED_FACE('',(#170),#64,.F.);
#1454=ADVANCED_FACE('',(#171),#65,.T.);
#1455=ADVANCED_FACE('',(#172),#1397,.T.);
#1456=ADVANCED_FACE('',(#173),#1398,.T.);
#1457=ADVANCED_FACE('',(#174),#66,.T.);
#1458=ADVANCED_FACE('',(#175),#67,.F.);
#1459=ADVANCED_FACE('',(#176),#1399,.T.);
#1460=ADVANCED_FACE('',(#177),#1400,.T.);
#1461=ADVANCED_FACE('',(#178),#1401,.T.);
#1462=ADVANCED_FACE('',(#179),#1402,.T.);
#1463=ADVANCED_FACE('',(#180),#1403,.T.);
#1464=ADVANCED_FACE('',(#181),#68,.T.);
#1465=ADVANCED_FACE('',(#182),#69,.F.);
#1466=ADVANCED_FACE('',(#183),#1404,.T.);
#1467=ADVANCED_FACE('',(#184,#19),#1405,.T.);
#1468=ADVANCED_FACE('',(#185,#20),#1406,.T.);
#1469=ADVANCED_FACE('',(#186,#21),#1407,.T.);
#1470=ADVANCED_FACE('',(#187,#22),#1408,.T.);
#1471=ADVANCED_FACE('',(#188,#23),#1409,.T.);
#1472=ADVANCED_FACE('',(#189),#1410,.T.);
#1473=ADVANCED_FACE('',(#190),#70,.F.);
#1474=ADVANCED_FACE('',(#191),#1411,.T.);
#1475=ADVANCED_FACE('',(#192),#71,.F.);
#1476=ADVANCED_FACE('',(#193),#1412,.T.);
#1477=ADVANCED_FACE('',(#194),#72,.F.);
#1478=ADVANCED_FACE('',(#195),#1413,.T.);
#1479=ADVANCED_FACE('',(#196),#73,.F.);
#1480=ADVANCED_FACE('',(#197),#74,.F.);
#1481=ADVANCED_FACE('',(#198),#1414,.T.);
#1482=ADVANCED_FACE('',(#199),#1415,.T.);
#1483=ADVANCED_FACE('',(#200),#1416,.T.);
#1484=ADVANCED_FACE('',(#201),#75,.F.);
#1485=ADVANCED_FACE('',(#202),#1417,.T.);
#1486=ADVANCED_FACE('',(#203),#76,.F.);
#1487=ADVANCED_FACE('',(#204),#77,.F.);
#1488=ADVANCED_FACE('',(#205),#1418,.T.);
#1489=ADVANCED_FACE('',(#206),#1419,.T.);
#1490=ADVANCED_FACE('',(#207),#1420,.T.);
#1491=ADVANCED_FACE('',(#208),#78,.F.);
#1492=ADVANCED_FACE('',(#209),#1421,.T.);
#1493=ADVANCED_FACE('',(#210),#79,.F.);
#1494=ADVANCED_FACE('',(#211),#80,.F.);
#1495=ADVANCED_FACE('',(#212),#1422,.T.);
#1496=ADVANCED_FACE('',(#213),#1423,.T.);
#1497=ADVANCED_FACE('',(#214),#81,.F.);
#1498=ADVANCED_FACE('',(#215),#1424,.T.);
#1499=ADVANCED_FACE('',(#216),#1425,.T.);
#1500=ADVANCED_FACE('',(#217),#82,.T.);
#1501=ADVANCED_FACE('',(#218,#24,#25,#26,#27,#28,#29,#30,#31,#32),#1426,
 .F.);
#1502=CLOSED_SHELL('',(#1427,#1428,#1429,#1430,#1431,#1432,#1433,#1434,
#1435,#1436,#1437,#1438,#1439,#1440,#1441,#1442,#1443,#1444,#1445,#1446,
#1447,#1448,#1449,#1450,#1451,#1452,#1453,#1454,#1455,#1456,#1457,#1458,
#1459,#1460,#1461,#1462,#1463,#1464,#1465,#1466,#1467,#1468,#1469,#1470,
#1471,#1472,#1473,#1474,#1475,#1476,#1477,#1478,#1479,#1480,#1481,#1482,
#1483,#1484,#1485,#1486,#1487,#1488,#1489,#1490,#1491,#1492,#1493,#1494,
#1495,#1496,#1497,#1498,#1499,#1500,#1501));
#1503=DERIVED_UNIT_ELEMENT(#1505,1.);
#1504=DERIVED_UNIT_ELEMENT(#2841,-3.);
#1505=(
MASS_UNIT()
NAMED_UNIT(*)
SI_UNIT(.KILO.,.GRAM.)
);
#1506=DERIVED_UNIT((#1503,#1504));
#1507=MEASURE_REPRESENTATION_ITEM('density measure',
POSITIVE_RATIO_MEASURE(1060.),#1506);
#1508=PROPERTY_DEFINITION_REPRESENTATION(#1513,#1510);
#1509=PROPERTY_DEFINITION_REPRESENTATION(#1514,#1511);
#1510=REPRESENTATION('material name',(#1512),#2838);
#1511=REPRESENTATION('density',(#1507),#2838);
#1512=DESCRIPTIVE_REPRESENTATION_ITEM('ABS Plastic','ABS Plastic');
#1513=PROPERTY_DEFINITION('material property','material name',#2848);
#1514=PROPERTY_DEFINITION('material property','density of part',#2848);
#1515=AXIS2_PLACEMENT_3D('',#2057,#1651,#1652);
#1516=AXIS2_PLACEMENT_3D('',#2058,#1653,#1654);
#1517=AXIS2_PLACEMENT_3D('',#2067,#1659,#1660);
#1518=AXIS2_PLACEMENT_3D('',#2076,#1665,#1666);
#1519=AXIS2_PLACEMENT_3D('',#2077,#1667,#1668);
#1520=AXIS2_PLACEMENT_3D('',#2078,#1669,#1670);
#1521=AXIS2_PLACEMENT_3D('',#2079,#1671,#1672);
#1522=AXIS2_PLACEMENT_3D('',#2088,#1677,#1678);
#1523=AXIS2_PLACEMENT_3D('',#2097,#1683,#1684);
#1524=AXIS2_PLACEMENT_3D('',#2098,#1685,#1686);
#1525=AXIS2_PLACEMENT_3D('',#2099,#1687,#1688);
#1526=AXIS2_PLACEMENT_3D('',#2100,#1689,#1690);
#1527=AXIS2_PLACEMENT_3D('',#2109,#1695,#1696);
#1528=AXIS2_PLACEMENT_3D('',#2118,#1701,#1702);
#1529=AXIS2_PLACEMENT_3D('',#2119,#1703,#1704);
#1530=AXIS2_PLACEMENT_3D('',#2120,#1705,#1706);
#1531=AXIS2_PLACEMENT_3D('',#2121,#1707,#1708);
#1532=AXIS2_PLACEMENT_3D('',#2130,#1713,#1714);
#1533=AXIS2_PLACEMENT_3D('',#2139,#1719,#1720);
#1534=AXIS2_PLACEMENT_3D('',#2140,#1721,#1722);
#1535=AXIS2_PLACEMENT_3D('',#2141,#1723,#1724);
#1536=AXIS2_PLACEMENT_3D('',#2142,#1725,#1726);
#1537=AXIS2_PLACEMENT_3D('',#2144,#1727,#1728);
#1538=AXIS2_PLACEMENT_3D('',#2148,#1730,#1731);
#1539=AXIS2_PLACEMENT_3D('',#2151,#1733,#1734);
#1540=AXIS2_PLACEMENT_3D('',#2152,#1735,#1736);
#1541=AXIS2_PLACEMENT_3D('',#2154,#1737,#1738);
#1542=AXIS2_PLACEMENT_3D('',#2158,#1740,#1741);
#1543=AXIS2_PLACEMENT_3D('',#2161,#1743,#1744);
#1544=AXIS2_PLACEMENT_3D('',#2162,#1745,#1746);
#1545=AXIS2_PLACEMENT_3D('',#2164,#1747,#1748);
#1546=AXIS2_PLACEMENT_3D('',#2168,#1750,#1751);
#1547=AXIS2_PLACEMENT_3D('',#2171,#1753,#1754);
#1548=AXIS2_PLACEMENT_3D('',#2172,#1755,#1756);
#1549=AXIS2_PLACEMENT_3D('',#2174,#1757,#1758);
#1550=AXIS2_PLACEMENT_3D('',#2178,#1760,#1761);
#1551=AXIS2_PLACEMENT_3D('',#2181,#1763,#1764);
#1552=AXIS2_PLACEMENT_3D('',#2182,#1765,#1766);
#1553=AXIS2_PLACEMENT_3D('',#2184,#1767,#1768);
#1554=AXIS2_PLACEMENT_3D('',#2187,#1770,#1771);
#1555=AXIS2_PLACEMENT_3D('',#2416,#1772,#1773);
#1556=AXIS2_PLACEMENT_3D('',#2417,#1774,#1775);
#1557=AXIS2_PLACEMENT_3D('',#2578,#1776,#1777);
#1558=AXIS2_PLACEMENT_3D('',#2584,#1781,#1782);
#1559=AXIS2_PLACEMENT_3D('',#2587,#1784,#1785);
#1560=AXIS2_PLACEMENT_3D('',#2588,#1786,#1787);
#1561=AXIS2_PLACEMENT_3D('',#2592,#1789,#1790);
#1562=AXIS2_PLACEMENT_3D('',#2594,#1792,#1793);
#1563=AXIS2_PLACEMENT_3D('',#2598,#1796,#1797);
#1564=AXIS2_PLACEMENT_3D('',#2604,#1801,#1802);
#1565=AXIS2_PLACEMENT_3D('',#2608,#1805,#1806);
#1566=AXIS2_PLACEMENT_3D('',#2612,#1809,#1810);
#1567=AXIS2_PLACEMENT_3D('',#2618,#1814,#1815);
#1568=AXIS2_PLACEMENT_3D('',#2621,#1817,#1818);
#1569=AXIS2_PLACEMENT_3D('',#2622,#1819,#1820);
#1570=AXIS2_PLACEMENT_3D('',#2626,#1822,#1823);
#1571=AXIS2_PLACEMENT_3D('',#2628,#1825,#1826);
#1572=AXIS2_PLACEMENT_3D('',#2632,#1829,#1830);
#1573=AXIS2_PLACEMENT_3D('',#2636,#1833,#1834);
#1574=AXIS2_PLACEMENT_3D('',#2637,#1835,#1836);
#1575=AXIS2_PLACEMENT_3D('',#2638,#1837,#1838);
#1576=AXIS2_PLACEMENT_3D('',#2641,#1840,#1841);
#1577=AXIS2_PLACEMENT_3D('',#2642,#1842,#1843);
#1578=AXIS2_PLACEMENT_3D('',#2644,#1845,#1846);
#1579=AXIS2_PLACEMENT_3D('',#2648,#1849,#1850);
#1580=AXIS2_PLACEMENT_3D('',#2652,#1853,#1854);
#1581=AXIS2_PLACEMENT_3D('',#2654,#1856,#1857);
#1582=AXIS2_PLACEMENT_3D('',#2658,#1860,#1861);
#1583=AXIS2_PLACEMENT_3D('',#2659,#1862,#1863);
#1584=AXIS2_PLACEMENT_3D('',#2660,#1864,#1865);
#1585=AXIS2_PLACEMENT_3D('',#2663,#1867,#1868);
#1586=AXIS2_PLACEMENT_3D('',#2664,#1869,#1870);
#1587=AXIS2_PLACEMENT_3D('',#2666,#1872,#1873);
#1588=AXIS2_PLACEMENT_3D('',#2670,#1875,#1876);
#1589=AXIS2_PLACEMENT_3D('',#2673,#1878,#1879);
#1590=AXIS2_PLACEMENT_3D('',#2677,#1881,#1882);
#1591=AXIS2_PLACEMENT_3D('',#2680,#1884,#1885);
#1592=AXIS2_PLACEMENT_3D('',#2681,#1886,#1887);
#1593=AXIS2_PLACEMENT_3D('',#2685,#1889,#1890);
#1594=AXIS2_PLACEMENT_3D('',#2688,#1892,#1893);
#1595=AXIS2_PLACEMENT_3D('',#2692,#1895,#1896);
#1596=AXIS2_PLACEMENT_3D('',#2695,#1898,#1899);
#1597=AXIS2_PLACEMENT_3D('',#2696,#1900,#1901);
#1598=AXIS2_PLACEMENT_3D('',#2697,#1902,#1903);
#1599=AXIS2_PLACEMENT_3D('',#2701,#1905,#1906);
#1600=AXIS2_PLACEMENT_3D('',#2704,#1908,#1909);
#1601=AXIS2_PLACEMENT_3D('',#2708,#1911,#1912);
#1602=AXIS2_PLACEMENT_3D('',#2711,#1914,#1915);
#1603=AXIS2_PLACEMENT_3D('',#2712,#1916,#1917);
#1604=AXIS2_PLACEMENT_3D('',#2716,#1919,#1920);
#1605=AXIS2_PLACEMENT_3D('',#2719,#1922,#1923);
#1606=AXIS2_PLACEMENT_3D('',#2723,#1925,#1926);
#1607=AXIS2_PLACEMENT_3D('',#2726,#1928,#1929);
#1608=AXIS2_PLACEMENT_3D('',#2727,#1930,#1931);
#1609=AXIS2_PLACEMENT_3D('',#2733,#1935,#1936);
#1610=AXIS2_PLACEMENT_3D('',#2736,#1938,#1939);
#1611=AXIS2_PLACEMENT_3D('',#2737,#1940,#1941);
#1612=AXIS2_PLACEMENT_3D('',#2741,#1944,#1945);
#1613=AXIS2_PLACEMENT_3D('',#2742,#1946,#1947);
#1614=AXIS2_PLACEMENT_3D('',#2743,#1948,#1949);
#1615=AXIS2_PLACEMENT_3D('',#2749,#1953,#1954);
#1616=AXIS2_PLACEMENT_3D('',#2752,#1956,#1957);
#1617=AXIS2_PLACEMENT_3D('',#2753,#1958,#1959);
#1618=AXIS2_PLACEMENT_3D('',#2757,#1962,#1963);
#1619=AXIS2_PLACEMENT_3D('',#2758,#1964,#1965);
#1620=AXIS2_PLACEMENT_3D('',#2759,#1966,#1967);
#1621=AXIS2_PLACEMENT_3D('',#2762,#1968,#1969);
#1622=AXIS2_PLACEMENT_3D('',#2765,#1972,#1973);
#1623=AXIS2_PLACEMENT_3D('',#2767,#1975,#1976);
#1624=AXIS2_PLACEMENT_3D('',#2769,#1978,#1979);
#1625=AXIS2_PLACEMENT_3D('',#2775,#1983,#1984);
#1626=AXIS2_PLACEMENT_3D('',#2778,#1986,#1987);
#1627=AXIS2_PLACEMENT_3D('',#2779,#1988,#1989);
#1628=AXIS2_PLACEMENT_3D('',#2783,#1992,#1993);
#1629=AXIS2_PLACEMENT_3D('',#2784,#1994,#1995);
#1630=AXIS2_PLACEMENT_3D('',#2785,#1996,#1997);
#1631=AXIS2_PLACEMENT_3D('',#2788,#1998,#1999);
#1632=AXIS2_PLACEMENT_3D('',#2791,#2002,#2003);
#1633=AXIS2_PLACEMENT_3D('',#2793,#2005,#2006);
#1634=AXIS2_PLACEMENT_3D('',#2795,#2008,#2009);
#1635=AXIS2_PLACEMENT_3D('',#2801,#2013,#2014);
#1636=AXIS2_PLACEMENT_3D('',#2804,#2016,#2017);
#1637=AXIS2_PLACEMENT_3D('',#2805,#2018,#2019);
#1638=AXIS2_PLACEMENT_3D('',#2809,#2022,#2023);
#1639=AXIS2_PLACEMENT_3D('',#2810,#2024,#2025);
#1640=AXIS2_PLACEMENT_3D('',#2811,#2026,#2027);
#1641=AXIS2_PLACEMENT_3D('',#2814,#2028,#2029);
#1642=AXIS2_PLACEMENT_3D('',#2817,#2032,#2033);
#1643=AXIS2_PLACEMENT_3D('',#2819,#2035,#2036);
#1644=AXIS2_PLACEMENT_3D('',#2821,#2038,#2039);
#1645=AXIS2_PLACEMENT_3D('',#2824,#2040,#2041);
#1646=AXIS2_PLACEMENT_3D('',#2827,#2044,#2045);
#1647=AXIS2_PLACEMENT_3D('',#2829,#2047,#2048);
#1648=AXIS2_PLACEMENT_3D('',#2831,#2050,#2051);
#1649=AXIS2_PLACEMENT_3D('',#2834,#2053,#2054);
#1650=AXIS2_PLACEMENT_3D('',#2835,#2055,#2056);
#1651=DIRECTION('axis',(0.,0.,1.));
#1652=DIRECTION('refdir',(1.,0.,0.));
#1653=DIRECTION('center_axis',(-0.701711898328905,-0.712460814181134,0.));
#1654=DIRECTION('ref_axis',(-0.712460814181134,0.701711898328905,0.));
#1655=DIRECTION('',(0.,0.,1.));
#1656=DIRECTION('',(-0.712460814181134,0.701711898328905,0.));
#1657=DIRECTION('',(0.,0.,-1.));
#1658=DIRECTION('',(-0.712460814181134,0.701711898328905,0.));
#1659=DIRECTION('center_axis',(0.701711898328906,0.712460814181133,0.));
#1660=DIRECTION('ref_axis',(0.712460814181134,-0.701711898328906,0.));
#1661=DIRECTION('',(0.,0.,-1.));
#1662=DIRECTION('',(0.712460814181134,-0.701711898328906,0.));
#1663=DIRECTION('',(0.,0.,1.));
#1664=DIRECTION('',(0.712460814181134,-0.701711898328906,0.));
#1665=DIRECTION('center_axis',(0.,0.,-1.));
#1666=DIRECTION('ref_axis',(-1.,0.,0.));
#1667=DIRECTION('center_axis',(0.,0.,1.));
#1668=DIRECTION('ref_axis',(0.707394301290727,0.706819144124863,0.));
#1669=DIRECTION('center_axis',(0.,0.,1.));
#1670=DIRECTION('ref_axis',(-0.707106781186546,-0.707106781186549,0.));
#1671=DIRECTION('center_axis',(-0.712460814181135,0.701711898328904,0.));
#1672=DIRECTION('ref_axis',(0.701711898328904,0.712460814181135,0.));
#1673=DIRECTION('',(0.,0.,1.));
#1674=DIRECTION('',(0.701711898328904,0.712460814181135,0.));
#1675=DIRECTION('',(0.,0.,-1.));
#1676=DIRECTION('',(0.701711898328904,0.712460814181135,0.));
#1677=DIRECTION('center_axis',(0.712460814181133,-0.701711898328906,0.));
#1678=DIRECTION('ref_axis',(-0.701711898328906,-0.712460814181134,0.));
#1679=DIRECTION('',(0.,0.,-1.));
#1680=DIRECTION('',(-0.701711898328906,-0.712460814181134,0.));
#1681=DIRECTION('',(0.,0.,1.));
#1682=DIRECTION('',(-0.701711898328906,-0.712460814181134,0.));
#1683=DIRECTION('center_axis',(0.,0.,-1.));
#1684=DIRECTION('ref_axis',(-1.,0.,0.));
#1685=DIRECTION('center_axis',(0.,0.,1.));
#1686=DIRECTION('ref_axis',(0.706819144124864,-0.707394301290727,0.));
#1687=DIRECTION('center_axis',(0.,0.,1.));
#1688=DIRECTION('ref_axis',(-0.707106781186548,0.707106781186547,0.));
#1689=DIRECTION('center_axis',(-0.712460814181133,0.701711898328906,0.));
#1690=DIRECTION('ref_axis',(0.701711898328906,0.712460814181134,0.));
#1691=DIRECTION('',(0.701711898328906,0.712460814181134,0.));
#1692=DIRECTION('',(0.,0.,1.));
#1693=DIRECTION('',(0.701711898328906,0.712460814181134,0.));
#1694=DIRECTION('',(0.,0.,-1.));
#1695=DIRECTION('center_axis',(0.712460814181135,-0.701711898328904,0.));
#1696=DIRECTION('ref_axis',(-0.701711898328904,-0.712460814181135,0.));
#1697=DIRECTION('',(-0.701711898328904,-0.712460814181135,0.));
#1698=DIRECTION('',(0.,0.,1.));
#1699=DIRECTION('',(-0.701711898328904,-0.712460814181135,0.));
#1700=DIRECTION('',(0.,0.,-1.));
#1701=DIRECTION('center_axis',(0.,0.,1.));
#1702=DIRECTION('ref_axis',(-1.,0.,0.));
#1703=DIRECTION('center_axis',(0.,0.,1.));
#1704=DIRECTION('ref_axis',(-0.706819144124864,0.707394301290727,0.));
#1705=DIRECTION('center_axis',(0.,0.,1.));
#1706=DIRECTION('ref_axis',(0.707106781186549,-0.707106781186546,0.));
#1707=DIRECTION('center_axis',(0.701711898328904,0.712460814181135,0.));
#1708=DIRECTION('ref_axis',(0.712460814181135,-0.701711898328904,0.));
#1709=DIRECTION('',(0.,0.,1.));
#1710=DIRECTION('',(0.712460814181135,-0.701711898328904,0.));
#1711=DIRECTION('',(0.,0.,-1.));
#1712=DIRECTION('',(0.712460814181135,-0.701711898328904,0.));
#1713=DIRECTION('center_axis',(-0.701711898328906,-0.712460814181133,0.));
#1714=DIRECTION('ref_axis',(-0.712460814181134,0.701711898328906,0.));
#1715=DIRECTION('',(0.,0.,-1.));
#1716=DIRECTION('',(-0.712460814181134,0.701711898328906,0.));
#1717=DIRECTION('',(0.,0.,1.));
#1718=DIRECTION('',(-0.712460814181134,0.701711898328906,0.));
#1719=DIRECTION('center_axis',(0.,0.,-1.));
#1720=DIRECTION('ref_axis',(-1.,0.,0.));
#1721=DIRECTION('center_axis',(0.,0.,1.));
#1722=DIRECTION('ref_axis',(-0.707394301290727,-0.706819144124863,0.));
#1723=DIRECTION('center_axis',(0.,0.,1.));
#1724=DIRECTION('ref_axis',(0.707106781186546,0.707106781186549,0.));
#1725=DIRECTION('center_axis',(0.,0.,1.));
#1726=DIRECTION('ref_axis',(0.716976515359916,-0.697097322059375,0.));
#1727=DIRECTION('center_axis',(0.,0.,-1.));
#1728=DIRECTION('ref_axis',(-0.707106781186546,-0.707106781186549,0.));
#1729=DIRECTION('',(0.,0.,1.));
#1730=DIRECTION('center_axis',(0.,0.,-1.));
#1731=DIRECTION('ref_axis',(-0.707106781186546,-0.707106781186549,0.));
#1732=DIRECTION('',(0.,0.,1.));
#1733=DIRECTION('center_axis',(0.,0.,-1.));
#1734=DIRECTION('ref_axis',(-0.707106781186546,-0.707106781186549,0.));
#1735=DIRECTION('center_axis',(0.,0.,1.));
#1736=DIRECTION('ref_axis',(-0.697097322059376,-0.716976515359916,0.));
#1737=DIRECTION('center_axis',(0.,0.,-1.));
#1738=DIRECTION('ref_axis',(-0.707106781186548,0.707106781186547,0.));
#1739=DIRECTION('',(0.,0.,1.));
#1740=DIRECTION('center_axis',(0.,0.,-1.));
#1741=DIRECTION('ref_axis',(-0.707106781186548,0.707106781186547,0.));
#1742=DIRECTION('',(0.,0.,1.));
#1743=DIRECTION('center_axis',(0.,0.,-1.));
#1744=DIRECTION('ref_axis',(-0.707106781186548,0.707106781186547,0.));
#1745=DIRECTION('center_axis',(0.,0.,1.));
#1746=DIRECTION('ref_axis',(0.697097322059375,0.716976515359916,0.));
#1747=DIRECTION('center_axis',(0.,0.,-1.));
#1748=DIRECTION('ref_axis',(0.707106781186549,-0.707106781186546,0.));
#1749=DIRECTION('',(0.,0.,1.));
#1750=DIRECTION('center_axis',(0.,0.,-1.));
#1751=DIRECTION('ref_axis',(0.707106781186549,-0.707106781186546,0.));
#1752=DIRECTION('',(0.,0.,1.));
#1753=DIRECTION('center_axis',(0.,0.,-1.));
#1754=DIRECTION('ref_axis',(0.707106781186549,-0.707106781186546,0.));
#1755=DIRECTION('center_axis',(0.,0.,1.));
#1756=DIRECTION('ref_axis',(-0.716976515359916,0.697097322059375,0.));
#1757=DIRECTION('center_axis',(0.,0.,-1.));
#1758=DIRECTION('ref_axis',(0.707106781186546,0.707106781186549,0.));
#1759=DIRECTION('',(0.,0.,1.));
#1760=DIRECTION('center_axis',(0.,0.,-1.));
#1761=DIRECTION('ref_axis',(0.707106781186546,0.707106781186549,0.));
#1762=DIRECTION('',(0.,0.,1.));
#1763=DIRECTION('center_axis',(0.,0.,-1.));
#1764=DIRECTION('ref_axis',(0.707106781186546,0.707106781186549,0.));
#1765=DIRECTION('center_axis',(0.,0.,-1.));
#1766=DIRECTION('ref_axis',(-1.,0.,0.));
#1767=DIRECTION('center_axis',(0.,0.,-1.));
#1768=DIRECTION('ref_axis',(-1.,0.,0.));
#1769=DIRECTION('',(0.,0.,-1.));
#1770=DIRECTION('center_axis',(0.,0.,1.));
#1771=DIRECTION('ref_axis',(-1.,0.,0.));
#1772=DIRECTION('center_axis',(0.,0.,-1.));
#1773=DIRECTION('ref_axis',(0.,-1.,0.));
#1774=DIRECTION('center_axis',(0.,0.,-1.));
#1775=DIRECTION('ref_axis',(0.,-1.,0.));
#1776=DIRECTION('center_axis',(1.,0.,0.));
#1777=DIRECTION('ref_axis',(0.,1.,0.));
#1778=DIRECTION('',(0.,0.,1.));
#1779=DIRECTION('',(0.,-1.,0.));
#1780=DIRECTION('',(0.,0.,1.));
#1781=DIRECTION('center_axis',(0.,0.,1.));
#1782=DIRECTION('ref_axis',(-1.,0.,0.));
#1783=DIRECTION('',(0.,0.,1.));
#1784=DIRECTION('center_axis',(0.,0.,1.));
#1785=DIRECTION('ref_axis',(-1.,0.,0.));
#1786=DIRECTION('center_axis',(0.,0.,1.));
#1787=DIRECTION('ref_axis',(-1.,0.,0.));
#1788=DIRECTION('',(0.,0.,1.));
#1789=DIRECTION('center_axis',(0.,0.,-1.));
#1790=DIRECTION('ref_axis',(-1.,0.,0.));
#1791=DIRECTION('',(0.,0.,1.));
#1792=DIRECTION('center_axis',(0.,-1.,0.));
#1793=DIRECTION('ref_axis',(1.,0.,0.));
#1794=DIRECTION('',(0.,0.,1.));
#1795=DIRECTION('',(-1.,0.,0.));
#1796=DIRECTION('center_axis',(0.5,0.866025403784439,0.));
#1797=DIRECTION('ref_axis',(-0.866025403784438,0.5,0.));
#1798=DIRECTION('',(0.,0.,1.));
#1799=DIRECTION('',(0.866025403784438,-0.5,0.));
#1800=DIRECTION('',(0.,0.,1.));
#1801=DIRECTION('center_axis',(-0.5,0.866025403784439,0.));
#1802=DIRECTION('ref_axis',(-0.866025403784439,-0.5,0.));
#1803=DIRECTION('',(0.,0.,1.));
#1804=DIRECTION('',(0.866025403784439,0.5,0.));
#1805=DIRECTION('center_axis',(-1.,0.,0.));
#1806=DIRECTION('ref_axis',(0.,-1.,0.));
#1807=DIRECTION('',(0.,0.,1.));
#1808=DIRECTION('',(0.,1.,0.));
#1809=DIRECTION('center_axis',(-1.,0.,0.));
#1810=DIRECTION('ref_axis',(0.,-1.,0.));
#1811=DIRECTION('',(0.,0.,1.));
#1812=DIRECTION('',(0.,1.,0.));
#1813=DIRECTION('',(0.,0.,1.));
#1814=DIRECTION('center_axis',(0.,0.,1.));
#1815=DIRECTION('ref_axis',(-1.,0.,0.));
#1816=DIRECTION('',(0.,0.,1.));
#1817=DIRECTION('center_axis',(0.,0.,1.));
#1818=DIRECTION('ref_axis',(-1.,0.,0.));
#1819=DIRECTION('center_axis',(0.,0.,1.));
#1820=DIRECTION('ref_axis',(-1.,0.,0.));
#1821=DIRECTION('',(0.,0.,1.));
#1822=DIRECTION('center_axis',(0.,0.,-1.));
#1823=DIRECTION('ref_axis',(-1.,0.,0.));
#1824=DIRECTION('',(0.,0.,1.));
#1825=DIRECTION('center_axis',(0.,1.,0.));
#1826=DIRECTION('ref_axis',(-1.,0.,0.));
#1827=DIRECTION('',(0.,0.,1.));
#1828=DIRECTION('',(1.,0.,0.));
#1829=DIRECTION('center_axis',(0.,-1.,0.));
#1830=DIRECTION('ref_axis',(1.,0.,0.));
#1831=DIRECTION('',(0.,0.,1.));
#1832=DIRECTION('',(-1.,0.,0.));
#1833=DIRECTION('center_axis',(0.,0.,1.));
#1834=DIRECTION('ref_axis',(-1.,0.,0.));
#1835=DIRECTION('center_axis',(0.,0.,-1.));
#1836=DIRECTION('ref_axis',(-1.,0.,0.));
#1837=DIRECTION('center_axis',(0.,0.,1.));
#1838=DIRECTION('ref_axis',(-1.,0.,0.));
#1839=DIRECTION('',(0.,0.,1.));
#1840=DIRECTION('center_axis',(0.,0.,1.));
#1841=DIRECTION('ref_axis',(-1.,0.,0.));
#1842=DIRECTION('center_axis',(-1.,0.,0.));
#1843=DIRECTION('ref_axis',(0.,-1.,0.));
#1844=DIRECTION('',(0.,1.,0.));
#1845=DIRECTION('center_axis',(-0.5,-0.866025403784439,0.));
#1846=DIRECTION('ref_axis',(0.866025403784438,-0.5,0.));
#1847=DIRECTION('',(0.,0.,1.));
#1848=DIRECTION('',(-0.866025403784438,0.5,0.));
#1849=DIRECTION('center_axis',(0.5,-0.866025403784439,0.));
#1850=DIRECTION('ref_axis',(0.866025403784439,0.5,0.));
#1851=DIRECTION('',(0.,0.,1.));
#1852=DIRECTION('',(-0.866025403784439,-0.5,0.));
#1853=DIRECTION('center_axis',(1.,0.,0.));
#1854=DIRECTION('ref_axis',(0.,1.,0.));
#1855=DIRECTION('',(0.,-1.,0.));
#1856=DIRECTION('center_axis',(0.,1.,0.));
#1857=DIRECTION('ref_axis',(-1.,0.,0.));
#1858=DIRECTION('',(0.,0.,1.));
#1859=DIRECTION('',(1.,0.,0.));
#1860=DIRECTION('center_axis',(0.,0.,1.));
#1861=DIRECTION('ref_axis',(-1.,0.,0.));
#1862=DIRECTION('center_axis',(0.,0.,-1.));
#1863=DIRECTION('ref_axis',(-1.,0.,0.));
#1864=DIRECTION('center_axis',(0.,0.,1.));
#1865=DIRECTION('ref_axis',(-1.,0.,0.));
#1866=DIRECTION('',(0.,0.,1.));
#1867=DIRECTION('center_axis',(0.,0.,1.));
#1868=DIRECTION('ref_axis',(-1.,0.,0.));
#1869=DIRECTION('center_axis',(1.,0.,0.));
#1870=DIRECTION('ref_axis',(0.,1.,0.));
#1871=DIRECTION('',(0.,-1.,0.));
#1872=DIRECTION('center_axis',(0.,0.,1.));
#1873=DIRECTION('ref_axis',(1.,0.,0.));
#1874=DIRECTION('',(-0.707106781186544,0.707106781186551,0.));
#1875=DIRECTION('center_axis',(0.,0.,-1.));
#1876=DIRECTION('ref_axis',(0.707394301286099,0.706819144129495,0.));
#1877=DIRECTION('',(0.706819144129496,-0.707394301286098,0.));
#1878=DIRECTION('center_axis',(0.,0.,-1.));
#1879=DIRECTION('ref_axis',(0.707394301290727,0.706819144124863,0.));
#1880=DIRECTION('',(0.707106781186548,-0.707106781186547,0.));
#1881=DIRECTION('center_axis',(0.,0.,-1.));
#1882=DIRECTION('ref_axis',(-0.707106781186548,-0.707106781186548,0.));
#1883=DIRECTION('',(-0.707106781186548,0.707106781186548,0.));
#1884=DIRECTION('center_axis',(0.,0.,-1.));
#1885=DIRECTION('ref_axis',(0.707394301290727,0.706819144124863,0.));
#1886=DIRECTION('center_axis',(0.,0.,1.));
#1887=DIRECTION('ref_axis',(1.,0.,0.));
#1888=DIRECTION('',(-0.707106781186551,-0.707106781186544,0.));
#1889=DIRECTION('center_axis',(0.,0.,-1.));
#1890=DIRECTION('ref_axis',(-0.706819144129495,0.707394301286099,0.));
#1891=DIRECTION('',(0.707394301286099,0.706819144129495,0.));
#1892=DIRECTION('center_axis',(0.,0.,-1.));
#1893=DIRECTION('ref_axis',(-0.706819144124864,0.707394301290727,0.));
#1894=DIRECTION('',(0.707106781186548,0.707106781186548,0.));
#1895=DIRECTION('center_axis',(0.,0.,-1.));
#1896=DIRECTION('ref_axis',(0.707106781186548,-0.707106781186548,0.));
#1897=DIRECTION('',(-0.707106781186548,-0.707106781186548,0.));
#1898=DIRECTION('center_axis',(0.,0.,-1.));
#1899=DIRECTION('ref_axis',(-0.706819144124864,0.707394301290727,0.));
#1900=DIRECTION('center_axis',(0.,0.,1.));
#1901=DIRECTION('ref_axis',(1.,0.,0.));
#1902=DIRECTION('center_axis',(0.,0.,1.));
#1903=DIRECTION('ref_axis',(1.,0.,0.));
#1904=DIRECTION('',(0.707106781186544,-0.707106781186551,0.));
#1905=DIRECTION('center_axis',(0.,0.,-1.));
#1906=DIRECTION('ref_axis',(-0.707394301286099,-0.706819144129495,0.));
#1907=DIRECTION('',(-0.706819144129495,0.707394301286099,0.));
#1908=DIRECTION('center_axis',(0.,0.,-1.));
#1909=DIRECTION('ref_axis',(-0.707394301290727,-0.706819144124863,0.));
#1910=DIRECTION('',(-0.707106781186547,0.707106781186548,0.));
#1911=DIRECTION('center_axis',(0.,0.,-1.));
#1912=DIRECTION('ref_axis',(0.707106781186548,0.707106781186547,0.));
#1913=DIRECTION('',(0.707106781186547,-0.707106781186548,0.));
#1914=DIRECTION('center_axis',(0.,0.,-1.));
#1915=DIRECTION('ref_axis',(-0.707394301290727,-0.706819144124863,0.));
#1916=DIRECTION('center_axis',(0.,0.,1.));
#1917=DIRECTION('ref_axis',(1.,0.,0.));
#1918=DIRECTION('',(0.707106781186552,0.707106781186543,0.));
#1919=DIRECTION('center_axis',(0.,0.,-1.));
#1920=DIRECTION('ref_axis',(0.706819144129495,-0.707394301286099,0.));
#1921=DIRECTION('',(-0.707394301286099,-0.706819144129495,0.));
#1922=DIRECTION('center_axis',(0.,0.,-1.));
#1923=DIRECTION('ref_axis',(0.706819144124864,-0.707394301290727,0.));
#1924=DIRECTION('',(-0.707106781186548,-0.707106781186548,0.));
#1925=DIRECTION('center_axis',(0.,0.,-1.));
#1926=DIRECTION('ref_axis',(-0.707106781186548,0.707106781186548,0.));
#1927=DIRECTION('',(0.707106781186548,0.707106781186547,0.));
#1928=DIRECTION('center_axis',(0.,0.,-1.));
#1929=DIRECTION('ref_axis',(0.706819144124864,-0.707394301290727,0.));
#1930=DIRECTION('center_axis',(-0.707106781186548,0.707106781186548,0.));
#1931=DIRECTION('ref_axis',(-0.707106781186548,-0.707106781186548,0.));
#1932=DIRECTION('',(-0.707106781186548,-0.707106781186548,0.));
#1933=DIRECTION('',(0.,0.,1.));
#1934=DIRECTION('',(0.,0.,1.));
#1935=DIRECTION('center_axis',(0.,0.,1.));
#1936=DIRECTION('ref_axis',(0.707106901700196,0.707106660672879,0.));
#1937=DIRECTION('',(0.,0.,1.));
#1938=DIRECTION('center_axis',(0.,0.,-1.));
#1939=DIRECTION('ref_axis',(0.706819144124864,-0.707394301290727,0.));
#1940=DIRECTION('center_axis',(0.707106781186547,-0.707106781186548,0.));
#1941=DIRECTION('ref_axis',(0.707106781186548,0.707106781186547,0.));
#1942=DIRECTION('',(0.707106781186548,0.707106781186547,0.));
#1943=DIRECTION('',(0.,0.,1.));
#1944=DIRECTION('center_axis',(0.,0.,1.));
#1945=DIRECTION('ref_axis',(-0.707106781186548,0.707106781186548,0.));
#1946=DIRECTION('center_axis',(0.,0.,-1.));
#1947=DIRECTION('ref_axis',(-0.707106781186548,0.707106781186548,0.));
#1948=DIRECTION('center_axis',(-0.707106781186547,-0.707106781186548,0.));
#1949=DIRECTION('ref_axis',(0.707106781186548,-0.707106781186547,0.));
#1950=DIRECTION('',(0.707106781186548,-0.707106781186547,0.));
#1951=DIRECTION('',(0.,0.,1.));
#1952=DIRECTION('',(0.,0.,1.));
#1953=DIRECTION('center_axis',(0.,0.,1.));
#1954=DIRECTION('ref_axis',(-0.707106660672879,0.707106901700196,0.));
#1955=DIRECTION('',(0.,0.,1.));
#1956=DIRECTION('center_axis',(0.,0.,-1.));
#1957=DIRECTION('ref_axis',(0.707394301290727,0.706819144124863,0.));
#1958=DIRECTION('center_axis',(0.707106781186548,0.707106781186548,0.));
#1959=DIRECTION('ref_axis',(-0.707106781186548,0.707106781186548,0.));
#1960=DIRECTION('',(-0.707106781186548,0.707106781186548,0.));
#1961=DIRECTION('',(0.,0.,1.));
#1962=DIRECTION('center_axis',(0.,0.,1.));
#1963=DIRECTION('ref_axis',(-0.707106781186548,-0.707106781186548,0.));
#1964=DIRECTION('center_axis',(0.,0.,-1.));
#1965=DIRECTION('ref_axis',(-0.707106781186548,-0.707106781186548,0.));
#1966=DIRECTION('center_axis',(0.,0.,1.));
#1967=DIRECTION('ref_axis',(0.706962977274736,-0.707250555858984,0.));
#1968=DIRECTION('center_axis',(0.,0.,-1.));
#1969=DIRECTION('ref_axis',(-0.707394301286099,-0.706819144129495,0.));
#1970=DIRECTION('',(0.,0.,1.));
#1971=DIRECTION('',(0.,0.,1.));
#1972=DIRECTION('center_axis',(-0.707106781186551,-0.707106781186544,0.));
#1973=DIRECTION('ref_axis',(0.707106781186544,-0.707106781186551,0.));
#1974=DIRECTION('',(0.707106781186544,-0.707106781186551,0.));
#1975=DIRECTION('center_axis',(0.707394301286099,0.706819144129495,0.));
#1976=DIRECTION('ref_axis',(-0.706819144129495,0.707394301286099,0.));
#1977=DIRECTION('',(-0.706819144129495,0.707394301286099,0.));
#1978=DIRECTION('center_axis',(0.707106781186548,0.707106781186547,0.));
#1979=DIRECTION('ref_axis',(-0.707106781186547,0.707106781186548,0.));
#1980=DIRECTION('',(-0.707106781186547,0.707106781186548,0.));
#1981=DIRECTION('',(0.,0.,1.));
#1982=DIRECTION('',(0.,0.,1.));
#1983=DIRECTION('center_axis',(0.,0.,1.));
#1984=DIRECTION('ref_axis',(0.707106660672879,-0.707106901700196,0.));
#1985=DIRECTION('',(0.,0.,1.));
#1986=DIRECTION('center_axis',(0.,0.,-1.));
#1987=DIRECTION('ref_axis',(-0.707394301290727,-0.706819144124863,0.));
#1988=DIRECTION('center_axis',(-0.707106781186548,-0.707106781186547,0.));
#1989=DIRECTION('ref_axis',(0.707106781186547,-0.707106781186548,0.));
#1990=DIRECTION('',(0.707106781186547,-0.707106781186548,0.));
#1991=DIRECTION('',(0.,0.,1.));
#1992=DIRECTION('center_axis',(0.,0.,1.));
#1993=DIRECTION('ref_axis',(0.707106781186548,0.707106781186547,0.));
#1994=DIRECTION('center_axis',(0.,0.,-1.));
#1995=DIRECTION('ref_axis',(0.707106781186548,0.707106781186547,0.));
#1996=DIRECTION('center_axis',(0.,0.,1.));
#1997=DIRECTION('ref_axis',(-0.706962977274736,0.707250555858984,0.));
#1998=DIRECTION('center_axis',(0.,0.,-1.));
#1999=DIRECTION('ref_axis',(0.707394301286099,0.706819144129495,0.));
#2000=DIRECTION('',(0.,0.,1.));
#2001=DIRECTION('',(0.,0.,1.));
#2002=DIRECTION('center_axis',(0.707106781186551,0.707106781186544,0.));
#2003=DIRECTION('ref_axis',(-0.707106781186544,0.707106781186551,0.));
#2004=DIRECTION('',(-0.707106781186544,0.707106781186551,0.));
#2005=DIRECTION('center_axis',(-0.707394301286098,-0.706819144129496,0.));
#2006=DIRECTION('ref_axis',(0.706819144129496,-0.707394301286098,0.));
#2007=DIRECTION('',(0.706819144129496,-0.707394301286098,0.));
#2008=DIRECTION('center_axis',(0.707106781186548,-0.707106781186548,0.));
#2009=DIRECTION('ref_axis',(0.707106781186548,0.707106781186548,0.));
#2010=DIRECTION('',(0.707106781186548,0.707106781186548,0.));
#2011=DIRECTION('',(0.,0.,1.));
#2012=DIRECTION('',(0.,0.,1.));
#2013=DIRECTION('center_axis',(0.,0.,1.));
#2014=DIRECTION('ref_axis',(-0.707106901700175,-0.7071066606729,0.));
#2015=DIRECTION('',(0.,0.,1.));
#2016=DIRECTION('center_axis',(0.,0.,-1.));
#2017=DIRECTION('ref_axis',(-0.706819144124864,0.707394301290727,0.));
#2018=DIRECTION('center_axis',(-0.707106781186548,0.707106781186548,0.));
#2019=DIRECTION('ref_axis',(-0.707106781186548,-0.707106781186548,0.));
#2020=DIRECTION('',(-0.707106781186548,-0.707106781186548,0.));
#2021=DIRECTION('',(0.,0.,1.));
#2022=DIRECTION('center_axis',(0.,0.,1.));
#2023=DIRECTION('ref_axis',(0.707106781186548,-0.707106781186548,0.));
#2024=DIRECTION('center_axis',(0.,0.,-1.));
#2025=DIRECTION('ref_axis',(0.707106781186548,-0.707106781186548,0.));
#2026=DIRECTION('center_axis',(0.,0.,1.));
#2027=DIRECTION('ref_axis',(0.707250555858984,0.706962977274735,0.));
#2028=DIRECTION('center_axis',(0.,0.,-1.));
#2029=DIRECTION('ref_axis',(0.706819144129495,-0.707394301286099,0.));
#2030=DIRECTION('',(0.,0.,1.));
#2031=DIRECTION('',(0.,0.,1.));
#2032=DIRECTION('center_axis',(0.707106781186543,-0.707106781186552,0.));
#2033=DIRECTION('ref_axis',(0.707106781186552,0.707106781186543,0.));
#2034=DIRECTION('',(0.707106781186552,0.707106781186543,0.));
#2035=DIRECTION('center_axis',(-0.706819144129495,0.707394301286099,0.));
#2036=DIRECTION('ref_axis',(-0.707394301286099,-0.706819144129495,0.));
#2037=DIRECTION('',(-0.707394301286099,-0.706819144129495,0.));
#2038=DIRECTION('center_axis',(0.,0.,1.));
#2039=DIRECTION('ref_axis',(-0.707250555858984,-0.706962977274736,0.));
#2040=DIRECTION('center_axis',(0.,0.,-1.));
#2041=DIRECTION('ref_axis',(-0.706819144129495,0.707394301286099,0.));
#2042=DIRECTION('',(0.,0.,1.));
#2043=DIRECTION('',(0.,0.,1.));
#2044=DIRECTION('center_axis',(-0.707106781186544,0.707106781186551,0.));
#2045=DIRECTION('ref_axis',(-0.707106781186551,-0.707106781186544,0.));
#2046=DIRECTION('',(-0.707106781186551,-0.707106781186544,0.));
#2047=DIRECTION('center_axis',(0.706819144129495,-0.707394301286099,0.));
#2048=DIRECTION('ref_axis',(0.707394301286099,0.706819144129495,0.));
#2049=DIRECTION('',(0.707394301286099,0.706819144129495,0.));
#2050=DIRECTION('center_axis',(0.,0.,1.));
#2051=DIRECTION('ref_axis',(1.,0.,0.));
#2052=DIRECTION('',(0.,0.,-1.));
#2053=DIRECTION('center_axis',(0.,0.,1.));
#2054=DIRECTION('ref_axis',(1.,0.,0.));
#2055=DIRECTION('center_axis',(0.,0.,1.));
#2056=DIRECTION('ref_axis',(1.,0.,0.));
#2057=CARTESIAN_POINT('',(0.,0.,0.));
#2058=CARTESIAN_POINT('Origin',(6.82633673607019,4.83327451448691,4.5));
#2059=CARTESIAN_POINT('',(6.37828324102226,5.27456821416125,1.5));
#2060=CARTESIAN_POINT('',(6.37828324102226,5.27456821416125,4.5));
#2061=CARTESIAN_POINT('',(6.37828324102226,5.27456821416125,0.));
#2062=CARTESIAN_POINT('',(5.26427798452393,6.37176644278843,1.5));
#2063=CARTESIAN_POINT('',(4.82111863387045,6.80823983615908,1.5));
#2064=CARTESIAN_POINT('',(5.26427798452393,6.37176644278843,4.5));
#2065=CARTESIAN_POINT('',(5.26427798452393,6.37176644278843,0.));
#2066=CARTESIAN_POINT('',(6.30199008756889,5.34971033071512,4.5));
#2067=CARTESIAN_POINT('Origin',(5.17197458303489,7.16447024324968,4.5));
#2068=CARTESIAN_POINT('',(6.73403333458201,5.6259783149473,4.5));
#2069=CARTESIAN_POINT('',(6.73403333458201,5.6259783149473,1.5));
#2070=CARTESIAN_POINT('',(6.73403333458201,5.6259783149473,0.));
#2071=CARTESIAN_POINT('',(5.62002807808305,6.72317654357511,4.5));
#2072=CARTESIAN_POINT('',(5.65023698563347,6.69342339864178,4.5));
#2073=CARTESIAN_POINT('',(5.62002807808305,6.72317654357511,1.5));
#2074=CARTESIAN_POINT('',(5.62002807808305,6.72317654357511,0.));
#2075=CARTESIAN_POINT('',(7.17719268523462,5.1895049215775,1.5));
#2076=CARTESIAN_POINT('Origin',(5.99915565955254,5.99887237886829,1.5));
#2077=CARTESIAN_POINT('Origin',(7.23659252662865,4.76143551179096,1.5));
#2078=CARTESIAN_POINT('Origin',(4.76171879247573,7.23630924594387,1.5));
#2079=CARTESIAN_POINT('Origin',(4.83327451448691,-6.82633673607019,4.5));
#2080=CARTESIAN_POINT('',(5.27456821416125,-6.37828324102226,1.5));
#2081=CARTESIAN_POINT('',(5.27456821416125,-6.37828324102226,4.5));
#2082=CARTESIAN_POINT('',(5.27456821416125,-6.37828324102226,0.));
#2083=CARTESIAN_POINT('',(6.37176644278843,-5.26427798452393,1.5));
#2084=CARTESIAN_POINT('',(6.80823983615908,-4.82111863387045,1.5));
#2085=CARTESIAN_POINT('',(6.37176644278843,-5.26427798452393,4.5));
#2086=CARTESIAN_POINT('',(6.37176644278843,-5.26427798452393,0.));
#2087=CARTESIAN_POINT('',(5.34971033071512,-6.30199008756889,4.5));
#2088=CARTESIAN_POINT('Origin',(7.16447024324968,-5.17197458303489,4.5));
#2089=CARTESIAN_POINT('',(5.6259783149473,-6.73403333458201,4.5));
#2090=CARTESIAN_POINT('',(5.6259783149473,-6.73403333458201,1.5));
#2091=CARTESIAN_POINT('',(5.6259783149473,-6.73403333458201,0.));
#2092=CARTESIAN_POINT('',(6.72317654357511,-5.62002807808305,4.5));
#2093=CARTESIAN_POINT('',(6.69342339864178,-5.65023698563347,4.5));
#2094=CARTESIAN_POINT('',(6.72317654357511,-5.62002807808305,1.5));
#2095=CARTESIAN_POINT('',(6.72317654357511,-5.62002807808305,0.));
#2096=CARTESIAN_POINT('',(5.1895049215775,-7.17719268523462,1.5));
#2097=CARTESIAN_POINT('Origin',(5.9988723788683,-5.99915565955254,1.5));
#2098=CARTESIAN_POINT('Origin',(4.76143551179096,-7.23659252662865,1.5));
#2099=CARTESIAN_POINT('Origin',(7.23630924594387,-4.76171879247573,1.5));
#2100=CARTESIAN_POINT('Origin',(-6.72317654357511,5.62002807808305,4.5));
#2101=CARTESIAN_POINT('',(-6.72317654357511,5.62002807808305,4.5));
#2102=CARTESIAN_POINT('',(-5.6259783149473,6.73403333458201,4.5));
#2103=CARTESIAN_POINT('',(-6.4727765488045,5.87426373315755,4.5));
#2104=CARTESIAN_POINT('',(-6.72317654357511,5.62002807808305,1.5));
#2105=CARTESIAN_POINT('',(-6.72317654357511,5.62002807808305,0.));
#2106=CARTESIAN_POINT('',(-5.6259783149473,6.73403333458201,1.5));
#2107=CARTESIAN_POINT('',(-5.1895049215775,7.17719268523462,1.5));
#2108=CARTESIAN_POINT('',(-5.6259783149473,6.73403333458201,0.));
#2109=CARTESIAN_POINT('Origin',(-5.27456821416125,6.37828324102225,4.5));
#2110=CARTESIAN_POINT('',(-5.27456821416125,6.37828324102225,4.5));
#2111=CARTESIAN_POINT('',(-6.37176644278843,5.26427798452393,4.5));
#2112=CARTESIAN_POINT('',(-5.57035718055229,6.07796334004492,4.5));
#2113=CARTESIAN_POINT('',(-5.27456821416125,6.37828324102225,1.5));
#2114=CARTESIAN_POINT('',(-5.27456821416125,6.37828324102226,0.));
#2115=CARTESIAN_POINT('',(-6.37176644278843,5.26427798452393,1.5));
#2116=CARTESIAN_POINT('',(-6.80823983615908,4.82111863387045,1.5));
#2117=CARTESIAN_POINT('',(-6.37176644278843,5.26427798452393,0.));
#2118=CARTESIAN_POINT('Origin',(-5.99887237886818,5.99915565955297,1.5));
#2119=CARTESIAN_POINT('Origin',(-4.76143551179096,7.23659252662865,1.5));
#2120=CARTESIAN_POINT('Origin',(-7.23630924594388,4.76171879247573,1.5));
#2121=CARTESIAN_POINT('Origin',(-6.82633673607019,-4.83327451448692,4.5));
#2122=CARTESIAN_POINT('',(-6.37828324102226,-5.27456821416126,1.5));
#2123=CARTESIAN_POINT('',(-6.37828324102225,-5.27456821416126,4.5));
#2124=CARTESIAN_POINT('',(-6.37828324102225,-5.27456821416126,0.));
#2125=CARTESIAN_POINT('',(-5.26427798452393,-6.37176644278843,1.5));
#2126=CARTESIAN_POINT('',(-4.82111863387045,-6.80823983615909,1.5));
#2127=CARTESIAN_POINT('',(-5.26427798452393,-6.37176644278844,4.5));
#2128=CARTESIAN_POINT('',(-5.26427798452393,-6.37176644278844,0.));
#2129=CARTESIAN_POINT('',(-6.30199008756889,-5.34971033071512,4.5));
#2130=CARTESIAN_POINT('Origin',(-5.17197458303489,-7.16447024324968,4.5));
#2131=CARTESIAN_POINT('',(-6.73403333458201,-5.62597831494731,4.5));
#2132=CARTESIAN_POINT('',(-6.73403333458201,-5.6259783149473,1.5));
#2133=CARTESIAN_POINT('',(-6.73403333458201,-5.62597831494731,0.));
#2134=CARTESIAN_POINT('',(-5.62002807808304,-6.72317654357512,4.5));
#2135=CARTESIAN_POINT('',(-5.65023698563347,-6.69342339864178,4.5));
#2136=CARTESIAN_POINT('',(-5.62002807808304,-6.72317654357511,1.5));
#2137=CARTESIAN_POINT('',(-5.62002807808304,-6.72317654357512,0.));
#2138=CARTESIAN_POINT('',(-7.17719268523462,-5.18950492157751,1.5));
#2139=CARTESIAN_POINT('Origin',(-5.99915565955253,-5.9988723788683,1.5));
#2140=CARTESIAN_POINT('Origin',(-7.23659252662865,-4.76143551179096,1.5));
#2141=CARTESIAN_POINT('Origin',(-4.76171879247573,-7.23630924594388,1.5));
#2142=CARTESIAN_POINT('Origin',(4.76171879247573,7.23630924594387,0.));
#2143=CARTESIAN_POINT('',(5.44866890833251,7.96301382025475,4.5));
#2144=CARTESIAN_POINT('Origin',(4.76171879247573,7.23630924594387,4.5));
#2145=CARTESIAN_POINT('',(5.44866890833251,7.96301382025475,0.));
#2146=CARTESIAN_POINT('',(5.44866890833251,7.96301382025475,0.));
#2147=CARTESIAN_POINT('',(4.05461201128919,6.52920246475732,0.));
#2148=CARTESIAN_POINT('Origin',(4.76171879247573,7.23630924594387,0.));
#2149=CARTESIAN_POINT('',(4.05461201128919,6.52920246475732,4.5));
#2150=CARTESIAN_POINT('',(4.05461201128919,6.52920246475732,0.));
#2151=CARTESIAN_POINT('Origin',(4.76171879247573,7.23630924594387,4.5));
#2152=CARTESIAN_POINT('Origin',(7.23630924594387,-4.76171879247573,0.));
#2153=CARTESIAN_POINT('',(7.96301382025476,-5.44866890833251,4.5));
#2154=CARTESIAN_POINT('Origin',(7.23630924594387,-4.76171879247573,4.5));
#2155=CARTESIAN_POINT('',(7.96301382025475,-5.44866890833251,0.));
#2156=CARTESIAN_POINT('',(7.96301382025475,-5.44866890833251,0.));
#2157=CARTESIAN_POINT('',(6.52920246475732,-4.05461201128918,0.));
#2158=CARTESIAN_POINT('Origin',(7.23630924594387,-4.76171879247573,0.));
#2159=CARTESIAN_POINT('',(6.52920246475732,-4.05461201128918,4.5));
#2160=CARTESIAN_POINT('',(6.52920246475732,-4.05461201128918,0.));
#2161=CARTESIAN_POINT('Origin',(7.23630924594387,-4.76171879247573,4.5));
#2162=CARTESIAN_POINT('Origin',(-7.23630924594388,4.76171879247573,0.));
#2163=CARTESIAN_POINT('',(-7.96301382025476,5.44866890833251,4.5));
#2164=CARTESIAN_POINT('Origin',(-7.23630924594388,4.76171879247573,4.5));
#2165=CARTESIAN_POINT('',(-7.96301382025476,5.44866890833251,0.));
#2166=CARTESIAN_POINT('',(-7.96301382025476,5.44866890833251,0.));
#2167=CARTESIAN_POINT('',(-6.52920246475732,4.05461201128918,0.));
#2168=CARTESIAN_POINT('Origin',(-7.23630924594388,4.76171879247573,0.));
#2169=CARTESIAN_POINT('',(-6.52920246475732,4.05461201128918,4.5));
#2170=CARTESIAN_POINT('',(-6.52920246475732,4.05461201128918,0.));
#2171=CARTESIAN_POINT('Origin',(-7.23630924594388,4.76171879247573,4.5));
#2172=CARTESIAN_POINT('Origin',(-4.76171879247573,-7.23630924594388,0.));
#2173=CARTESIAN_POINT('',(-5.44866890833251,-7.96301382025476,4.5));
#2174=CARTESIAN_POINT('Origin',(-4.76171879247573,-7.23630924594388,4.5));
#2175=CARTESIAN_POINT('',(-5.44866890833251,-7.96301382025476,0.));
#2176=CARTESIAN_POINT('',(-5.44866890833251,-7.96301382025476,0.));
#2177=CARTESIAN_POINT('',(-4.05461201128918,-6.52920246475733,0.));
#2178=CARTESIAN_POINT('Origin',(-4.76171879247573,-7.23630924594388,0.));
#2179=CARTESIAN_POINT('',(-4.05461201128918,-6.52920246475733,4.5));
#2180=CARTESIAN_POINT('',(-4.05461201128918,-6.52920246475733,0.));
#2181=CARTESIAN_POINT('Origin',(-4.76171879247573,-7.23630924594388,4.5));
#2182=CARTESIAN_POINT('Origin',(0.,0.,4.5));
#2183=CARTESIAN_POINT('',(2.,2.44929359829471E-16,4.5));
#2184=CARTESIAN_POINT('Origin',(0.,0.,4.5));
#2185=CARTESIAN_POINT('',(2.,2.44929359829471E-16,0.));
#2186=CARTESIAN_POINT('',(2.,-2.44929359829471E-16,4.5));
#2187=CARTESIAN_POINT('Origin',(0.,0.,0.));
#2188=CARTESIAN_POINT('Ctrl Pts',(0.,-15.0000002235174,6.31139442390673));
#2189=CARTESIAN_POINT('Ctrl Pts',(15.0000002235174,-15.0000002235174,6.31139442390673));
#2190=CARTESIAN_POINT('Ctrl Pts',(15.0000002235174,0.,6.31139442390673));
#2191=CARTESIAN_POINT('Ctrl Pts',(15.0000002235174,15.0000002235174,6.31139442390673));
#2192=CARTESIAN_POINT('Ctrl Pts',(0.,15.0000002235174,6.31139442390673));
#2193=CARTESIAN_POINT('Ctrl Pts',(-15.0000002235174,15.0000002235174,6.31139442390673));
#2194=CARTESIAN_POINT('Ctrl Pts',(-15.0000002235174,0.,6.31139442390673));
#2195=CARTESIAN_POINT('Ctrl Pts',(-15.0000002235174,-15.0000002235174,6.31139442390673));
#2196=CARTESIAN_POINT('Ctrl Pts',(0.,-15.0000002235174,6.31139442390673));
#2197=CARTESIAN_POINT('Ctrl Pts',(0.,-14.9259289448215,6.55464875716305));
#2198=CARTESIAN_POINT('Ctrl Pts',(14.9259289448215,-14.9259289448215,6.55464875716305));
#2199=CARTESIAN_POINT('Ctrl Pts',(14.9259289448215,0.,6.55464875716305));
#2200=CARTESIAN_POINT('Ctrl Pts',(14.9259289448215,14.9259289448215,6.55464875716305));
#2201=CARTESIAN_POINT('Ctrl Pts',(0.,14.9259289448215,6.55464875716305));
#2202=CARTESIAN_POINT('Ctrl Pts',(-14.9259289448215,14.9259289448215,6.55464875716305));
#2203=CARTESIAN_POINT('Ctrl Pts',(-14.9259289448215,0.,6.55464875716305));
#2204=CARTESIAN_POINT('Ctrl Pts',(-14.9259289448215,-14.9259289448215,6.55464875716305));
#2205=CARTESIAN_POINT('Ctrl Pts',(0.,-14.9259289448215,6.55464875716305));
#2206=CARTESIAN_POINT('Ctrl Pts',(0.,-14.7726073674906,7.03287998799659));
#2207=CARTESIAN_POINT('Ctrl Pts',(14.7726073674906,-14.7726073674906,7.03287998799659));
#2208=CARTESIAN_POINT('Ctrl Pts',(14.7726073674906,0.,7.03287998799659));
#2209=CARTESIAN_POINT('Ctrl Pts',(14.7726073674906,14.7726073674906,7.03287998799659));
#2210=CARTESIAN_POINT('Ctrl Pts',(0.,14.7726073674906,7.03287998799659));
#2211=CARTESIAN_POINT('Ctrl Pts',(-14.7726073674906,14.7726073674906,7.03287998799659));
#2212=CARTESIAN_POINT('Ctrl Pts',(-14.7726073674906,0.,7.03287998799659));
#2213=CARTESIAN_POINT('Ctrl Pts',(-14.7726073674906,-14.7726073674906,7.03287998799659));
#2214=CARTESIAN_POINT('Ctrl Pts',(0.,-14.7726073674906,7.03287998799659));
#2215=CARTESIAN_POINT('Ctrl Pts',(0.,-14.5266744634463,7.72537217741871));
#2216=CARTESIAN_POINT('Ctrl Pts',(14.5266744634463,-14.5266744634463,7.72537217741871));
#2217=CARTESIAN_POINT('Ctrl Pts',(14.5266744634463,0.,7.72537217741871));
#2218=CARTESIAN_POINT('Ctrl Pts',(14.5266744634463,14.5266744634463,7.72537217741871));
#2219=CARTESIAN_POINT('Ctrl Pts',(0.,14.5266744634463,7.72537217741871));
#2220=CARTESIAN_POINT('Ctrl Pts',(-14.5266744634463,14.5266744634463,7.72537217741871));
#2221=CARTESIAN_POINT('Ctrl Pts',(-14.5266744634463,0.,7.72537217741871));
#2222=CARTESIAN_POINT('Ctrl Pts',(-14.5266744634463,-14.5266744634463,7.72537217741871));
#2223=CARTESIAN_POINT('Ctrl Pts',(0.,-14.5266744634463,7.72537217741871));
#2224=CARTESIAN_POINT('Ctrl Pts',(0.,-14.1115933168282,8.59091133891718));
#2225=CARTESIAN_POINT('Ctrl Pts',(14.1115933168282,-14.1115933168282,8.59091133891718));
#2226=CARTESIAN_POINT('Ctrl Pts',(14.1115933168282,0.,8.59091133891718));
#2227=CARTESIAN_POINT('Ctrl Pts',(14.1115933168282,14.1115933168282,8.59091133891718));
#2228=CARTESIAN_POINT('Ctrl Pts',(0.,14.1115933168282,8.59091133891718));
#2229=CARTESIAN_POINT('Ctrl Pts',(-14.1115933168282,14.1115933168282,8.59091133891718));
#2230=CARTESIAN_POINT('Ctrl Pts',(-14.1115933168282,0.,8.59091133891718));
#2231=CARTESIAN_POINT('Ctrl Pts',(-14.1115933168282,-14.1115933168282,8.59091133891718));
#2232=CARTESIAN_POINT('Ctrl Pts',(0.,-14.1115933168282,8.59091133891718));
#2233=CARTESIAN_POINT('Ctrl Pts',(0.,-13.1670088949788,9.5327778891438));
#2234=CARTESIAN_POINT('Ctrl Pts',(13.1670088949788,-13.1670088949788,9.5327778891438));
#2235=CARTESIAN_POINT('Ctrl Pts',(13.1670088949788,0.,9.5327778891438));
#2236=CARTESIAN_POINT('Ctrl Pts',(13.1670088949788,13.1670088949788,9.5327778891438));
#2237=CARTESIAN_POINT('Ctrl Pts',(0.,13.1670088949788,9.5327778891438));
#2238=CARTESIAN_POINT('Ctrl Pts',(-13.1670088949788,13.1670088949788,9.5327778891438));
#2239=CARTESIAN_POINT('Ctrl Pts',(-13.1670088949788,0.,9.5327778891438));
#2240=CARTESIAN_POINT('Ctrl Pts',(-13.1670088949788,-13.1670088949788,9.5327778891438));
#2241=CARTESIAN_POINT('Ctrl Pts',(0.,-13.1670088949788,9.5327778891438));
#2242=CARTESIAN_POINT('Ctrl Pts',(0.,-11.6033407892517,10.2895142127929));
#2243=CARTESIAN_POINT('Ctrl Pts',(11.6033407892517,-11.6033407892517,10.2895142127929));
#2244=CARTESIAN_POINT('Ctrl Pts',(11.6033407892517,0.,10.2895142127929));
#2245=CARTESIAN_POINT('Ctrl Pts',(11.6033407892517,11.6033407892517,10.2895142127929));
#2246=CARTESIAN_POINT('Ctrl Pts',(0.,11.6033407892517,10.2895142127929));
#2247=CARTESIAN_POINT('Ctrl Pts',(-11.6033407892517,11.6033407892517,10.2895142127929));
#2248=CARTESIAN_POINT('Ctrl Pts',(-11.6033407892517,0.,10.2895142127929));
#2249=CARTESIAN_POINT('Ctrl Pts',(-11.6033407892517,-11.6033407892517,10.2895142127929));
#2250=CARTESIAN_POINT('Ctrl Pts',(0.,-11.6033407892517,10.2895142127929));
#2251=CARTESIAN_POINT('Ctrl Pts',(0.,-9.36490205720915,10.8286306569546));
#2252=CARTESIAN_POINT('Ctrl Pts',(9.36490205720915,-9.36490205720915,10.8286306569546));
#2253=CARTESIAN_POINT('Ctrl Pts',(9.36490205720915,0.,10.8286306569546));
#2254=CARTESIAN_POINT('Ctrl Pts',(9.36490205720915,9.36490205720915,10.8286306569546));
#2255=CARTESIAN_POINT('Ctrl Pts',(0.,9.36490205720915,10.8286306569546));
#2256=CARTESIAN_POINT('Ctrl Pts',(-9.36490205720915,9.36490205720915,10.8286306569546));
#2257=CARTESIAN_POINT('Ctrl Pts',(-9.36490205720915,0.,10.8286306569546));
#2258=CARTESIAN_POINT('Ctrl Pts',(-9.36490205720915,-9.36490205720915,10.8286306569546));
#2259=CARTESIAN_POINT('Ctrl Pts',(0.,-9.36490205720915,10.8286306569546));
#2260=CARTESIAN_POINT('Ctrl Pts',(0.,-7.02387295763425,11.1697145904003));
#2261=CARTESIAN_POINT('Ctrl Pts',(7.02387295763425,-7.02387295763425,11.1697145904003));
#2262=CARTESIAN_POINT('Ctrl Pts',(7.02387295763425,0.,11.1697145904003));
#2263=CARTESIAN_POINT('Ctrl Pts',(7.02387295763425,7.02387295763425,11.1697145904003));
#2264=CARTESIAN_POINT('Ctrl Pts',(0.,7.02387295763425,11.1697145904003));
#2265=CARTESIAN_POINT('Ctrl Pts',(-7.02387295763425,7.02387295763425,11.1697145904003));
#2266=CARTESIAN_POINT('Ctrl Pts',(-7.02387295763425,0.,11.1697145904003));
#2267=CARTESIAN_POINT('Ctrl Pts',(-7.02387295763425,-7.02387295763425,11.1697145904003));
#2268=CARTESIAN_POINT('Ctrl Pts',(0.,-7.02387295763425,11.1697145904003));
#2269=CARTESIAN_POINT('Ctrl Pts',(0.,-5.1027573288906,11.3649324021472));
#2270=CARTESIAN_POINT('Ctrl Pts',(5.1027573288906,-5.1027573288906,11.3649324021472));
#2271=CARTESIAN_POINT('Ctrl Pts',(5.1027573288906,0.,11.3649324021472));
#2272=CARTESIAN_POINT('Ctrl Pts',(5.1027573288906,5.1027573288906,11.3649324021472));
#2273=CARTESIAN_POINT('Ctrl Pts',(0.,5.1027573288906,11.3649324021472));
#2274=CARTESIAN_POINT('Ctrl Pts',(-5.1027573288906,5.1027573288906,11.3649324021472));
#2275=CARTESIAN_POINT('Ctrl Pts',(-5.1027573288906,0.,11.3649324021472));
#2276=CARTESIAN_POINT('Ctrl Pts',(-5.1027573288906,-5.1027573288906,11.3649324021472));
#2277=CARTESIAN_POINT('Ctrl Pts',(0.,-5.1027573288906,11.3649324021472));
#2278=CARTESIAN_POINT('Ctrl Pts',(0.,-3.66046137555594,11.459485257068));
#2279=CARTESIAN_POINT('Ctrl Pts',(3.66046137555594,-3.66046137555594,11.459485257068));
#2280=CARTESIAN_POINT('Ctrl Pts',(3.66046137555594,0.,11.459485257068));
#2281=CARTESIAN_POINT('Ctrl Pts',(3.66046137555594,3.66046137555594,11.459485257068));
#2282=CARTESIAN_POINT('Ctrl Pts',(0.,3.66046137555594,11.459485257068));
#2283=CARTESIAN_POINT('Ctrl Pts',(-3.66046137555594,3.66046137555594,11.459485257068));
#2284=CARTESIAN_POINT('Ctrl Pts',(-3.66046137555594,0.,11.459485257068));
#2285=CARTESIAN_POINT('Ctrl Pts',(-3.66046137555594,-3.66046137555594,11.459485257068));
#2286=CARTESIAN_POINT('Ctrl Pts',(0.,-3.66046137555594,11.459485257068));
#2287=CARTESIAN_POINT('Ctrl Pts',(0.,-2.84510370346563,11.4888195543862));
#2288=CARTESIAN_POINT('Ctrl Pts',(2.84510370346562,-2.84510370346562,11.4888195543862));
#2289=CARTESIAN_POINT('Ctrl Pts',(2.84510370346563,0.,11.4888195543862));
#2290=CARTESIAN_POINT('Ctrl Pts',(2.84510370346562,2.84510370346562,11.4888195543862));
#2291=CARTESIAN_POINT('Ctrl Pts',(0.,2.84510370346563,11.4888195543862));
#2292=CARTESIAN_POINT('Ctrl Pts',(-2.84510370346562,2.84510370346562,11.4888195543862));
#2293=CARTESIAN_POINT('Ctrl Pts',(-2.84510370346563,0.,11.4888195543862));
#2294=CARTESIAN_POINT('Ctrl Pts',(-2.84510370346562,-2.84510370346562,11.4888195543862));
#2295=CARTESIAN_POINT('Ctrl Pts',(0.,-2.84510370346563,11.4888195543862));
#2296=CARTESIAN_POINT('Ctrl Pts',(0.,-2.35929175628381,11.4979642455903));
#2297=CARTESIAN_POINT('Ctrl Pts',(2.35929175628381,-2.35929175628381,11.4979642455903));
#2298=CARTESIAN_POINT('Ctrl Pts',(2.35929175628381,0.,11.4979642455903));
#2299=CARTESIAN_POINT('Ctrl Pts',(2.35929175628381,2.35929175628381,11.4979642455903));
#2300=CARTESIAN_POINT('Ctrl Pts',(0.,2.35929175628381,11.4979642455903));
#2301=CARTESIAN_POINT('Ctrl Pts',(-2.35929175628381,2.35929175628381,11.4979642455903));
#2302=CARTESIAN_POINT('Ctrl Pts',(-2.35929175628381,0.,11.4979642455903));
#2303=CARTESIAN_POINT('Ctrl Pts',(-2.35929175628381,-2.35929175628381,11.4979642455903));
#2304=CARTESIAN_POINT('Ctrl Pts',(0.,-2.35929175628381,11.4979642455903));
#2305=CARTESIAN_POINT('Ctrl Pts',(0.,-2.08125125316433,11.499999742955));
#2306=CARTESIAN_POINT('Ctrl Pts',(2.08125125316433,-2.08125125316433,11.499999742955));
#2307=CARTESIAN_POINT('Ctrl Pts',(2.08125125316433,0.,11.499999742955));
#2308=CARTESIAN_POINT('Ctrl Pts',(2.08125125316433,2.08125125316433,11.499999742955));
#2309=CARTESIAN_POINT('Ctrl Pts',(0.,2.08125125316433,11.499999742955));
#2310=CARTESIAN_POINT('Ctrl Pts',(-2.08125125316433,2.08125125316433,11.499999742955));
#2311=CARTESIAN_POINT('Ctrl Pts',(-2.08125125316433,0.,11.499999742955));
#2312=CARTESIAN_POINT('Ctrl Pts',(-2.08125125316433,-2.08125125316433,11.499999742955));
#2313=CARTESIAN_POINT('Ctrl Pts',(0.,-2.08125125316433,11.499999742955));
#2314=CARTESIAN_POINT('Ctrl Pts',(0.,-1.95363922278723,11.499999742955));
#2315=CARTESIAN_POINT('Ctrl Pts',(1.95363922278723,-1.95363922278723,11.499999742955));
#2316=CARTESIAN_POINT('Ctrl Pts',(1.95363922278723,0.,11.499999742955));
#2317=CARTESIAN_POINT('Ctrl Pts',(1.95363922278723,1.95363922278723,11.499999742955));
#2318=CARTESIAN_POINT('Ctrl Pts',(0.,1.95363922278723,11.499999742955));
#2319=CARTESIAN_POINT('Ctrl Pts',(-1.95363922278723,1.95363922278723,11.499999742955));
#2320=CARTESIAN_POINT('Ctrl Pts',(-1.95363922278723,0.,11.499999742955));
#2321=CARTESIAN_POINT('Ctrl Pts',(-1.95363922278723,-1.95363922278723,11.499999742955));
#2322=CARTESIAN_POINT('Ctrl Pts',(0.,-1.95363922278723,11.499999742955));
#2323=CARTESIAN_POINT('',(-3.5,-2.02072594216369,11.4287019221454));
#2324=CARTESIAN_POINT('',(-1.85927101791719E-17,-4.04145188432738,11.4287019221454));
#2325=CARTESIAN_POINT('Ctrl Pts',(-3.5,-2.02072594216369,11.4287019221454));
#2326=CARTESIAN_POINT('Ctrl Pts',(-3.23624797730364,-2.17300324346674,11.4381425997337));
#2327=CARTESIAN_POINT('Ctrl Pts',(-2.97278409333498,-2.32511418779779,11.4451517972983));
#2328=CARTESIAN_POINT('Ctrl Pts',(-2.46594950571805,-2.61773527339304,11.4545159393938));
#2329=CARTESIAN_POINT('Ctrl Pts',(-2.22169909931232,-2.75875331128106,11.4572088538666));
#2330=CARTESIAN_POINT('Ctrl Pts',(-1.76452836688057,-3.02270095671615,11.4591590809072));
#2331=CARTESIAN_POINT('Ctrl Pts',(-1.54843592993972,-3.14746198335379,11.4587888303186));
#2332=CARTESIAN_POINT('Ctrl Pts',(-1.06546953298836,-3.42630276264321,11.455026547683));
#2333=CARTESIAN_POINT('Ctrl Pts',(-0.795539851671466,-3.58214673681378,
11.4508724422071));
#2334=CARTESIAN_POINT('Ctrl Pts',(-0.350952781506446,-3.83882920145179,
11.440192141672));
#2335=CARTESIAN_POINT('Ctrl Pts',(-0.175492526619581,-3.9401312268428,11.4349834601826));
#2336=CARTESIAN_POINT('Ctrl Pts',(6.93889390390723E-17,-4.04145188432738,
11.4287019221454));
#2337=CARTESIAN_POINT('',(-3.5,2.02072594216369,11.4287019221454));
#2338=CARTESIAN_POINT('Ctrl Pts',(-3.5,2.02072594216369,11.4287019221454));
#2339=CARTESIAN_POINT('Ctrl Pts',(-3.5,1.71617133955762,11.4381425997336));
#2340=CARTESIAN_POINT('Ctrl Pts',(-3.5,1.41194945089552,11.4451517972983));
#2341=CARTESIAN_POINT('Ctrl Pts',(-3.5,0.826707279704993,11.4545159393938));
#2342=CARTESIAN_POINT('Ctrl Pts',(-3.5,0.544671203928941,11.4572088538666));
#2343=CARTESIAN_POINT('Ctrl Pts',(-3.5,0.0167759130587568,11.4591590809072));
#2344=CARTESIAN_POINT('Ctrl Pts',(-3.5,-0.232746140216519,11.4587888303186));
#2345=CARTESIAN_POINT('Ctrl Pts',(-3.5,-0.790427698795696,11.455026547683));
#2346=CARTESIAN_POINT('Ctrl Pts',(-3.5,-1.10211564713665,11.4508724422071));
#2347=CARTESIAN_POINT('Ctrl Pts',(-3.5,-1.61548057641208,11.440192141672));
#2348=CARTESIAN_POINT('Ctrl Pts',(-3.5,-1.81808462719419,11.4349834601826));
#2349=CARTESIAN_POINT('Ctrl Pts',(-3.5,-2.02072594216369,11.4287019221454));
#2350=CARTESIAN_POINT('',(1.21430643318376E-15,4.04145188432738,11.4287019221454));
#2351=CARTESIAN_POINT('Ctrl Pts',(1.52655665885959E-15,4.04145188432738,
11.4287019221454));
#2352=CARTESIAN_POINT('Ctrl Pts',(-0.2637520226966,3.88917458302419,11.4381425997337));
#2353=CARTESIAN_POINT('Ctrl Pts',(-0.527215906665335,3.7370636386931,11.4451517972983));
#2354=CARTESIAN_POINT('Ctrl Pts',(-1.03405049428195,3.44444255309803,11.4545159393938));
#2355=CARTESIAN_POINT('Ctrl Pts',(-1.27830090068768,3.30342451521001,11.4572088538666));
#2356=CARTESIAN_POINT('Ctrl Pts',(-1.73547163311944,3.03947686977491,11.4591590809072));
#2357=CARTESIAN_POINT('Ctrl Pts',(-1.95156407006028,2.91471584313728,11.4587888303186));
#2358=CARTESIAN_POINT('Ctrl Pts',(-2.43453046701167,2.63587506384785,11.455026547683));
#2359=CARTESIAN_POINT('Ctrl Pts',(-2.70446014832855,2.48003108967728,11.4508724422071));
#2360=CARTESIAN_POINT('Ctrl Pts',(-3.14904721849324,2.22334862503947,11.440192141672));
#2361=CARTESIAN_POINT('Ctrl Pts',(-3.32450747338016,2.12204659964842,11.4349834601826));
#2362=CARTESIAN_POINT('Ctrl Pts',(-3.5,2.02072594216369,11.4287019221454));
#2363=CARTESIAN_POINT('',(3.5,2.02072594216369,11.4287019221454));
#2364=CARTESIAN_POINT('Ctrl Pts',(3.5,2.02072594216369,11.4287019221454));
#2365=CARTESIAN_POINT('Ctrl Pts',(3.23624797730367,2.17300324346672,11.4381425997337));
#2366=CARTESIAN_POINT('Ctrl Pts',(2.97278409333501,2.32511418779777,11.4451517972983));
#2367=CARTESIAN_POINT('Ctrl Pts',(2.4659495057182,2.61773527339295,11.4545159393938));
#2368=CARTESIAN_POINT('Ctrl Pts',(2.22169909931263,2.75875331128088,11.4572088538666));
#2369=CARTESIAN_POINT('Ctrl Pts',(1.76452836688057,3.02270095671615,11.4591590809072));
#2370=CARTESIAN_POINT('Ctrl Pts',(1.54843592993972,3.14746198335379,11.4587888303186));
#2371=CARTESIAN_POINT('Ctrl Pts',(1.06546953298801,3.42630276264341,11.455026547683));
#2372=CARTESIAN_POINT('Ctrl Pts',(0.79553985167135,3.58214673681385,11.4508724422071));
#2373=CARTESIAN_POINT('Ctrl Pts',(0.350952781506927,3.83882920145151,11.440192141672));
#2374=CARTESIAN_POINT('Ctrl Pts',(0.175492526619963,3.94013122684258,11.4349834601826));
#2375=CARTESIAN_POINT('Ctrl Pts',(1.17961196366423E-15,4.04145188432738,
11.4287019221454));
#2376=CARTESIAN_POINT('',(3.5,-2.02072594216369,11.4287019221454));
#2377=CARTESIAN_POINT('Ctrl Pts',(3.5,-2.02072594216369,11.4287019221454));
#2378=CARTESIAN_POINT('Ctrl Pts',(3.5,-1.71617133955759,11.4381425997337));
#2379=CARTESIAN_POINT('Ctrl Pts',(3.5,-1.41194945089548,11.4451517972983));
#2380=CARTESIAN_POINT('Ctrl Pts',(3.5,-0.826707279704993,11.4545159393938));
#2381=CARTESIAN_POINT('Ctrl Pts',(3.5,-0.544671203928945,11.4572088538666));
#2382=CARTESIAN_POINT('Ctrl Pts',(3.5,-0.0167759130587609,11.4591590809072));
#2383=CARTESIAN_POINT('Ctrl Pts',(3.5,0.232746140216519,11.4587888303186));
#2384=CARTESIAN_POINT('Ctrl Pts',(3.5,0.790427698794814,11.455026547683));
#2385=CARTESIAN_POINT('Ctrl Pts',(3.5,1.10211564713623,11.4508724422072));
#2386=CARTESIAN_POINT('Ctrl Pts',(3.5,1.61548057641191,11.440192141672));
#2387=CARTESIAN_POINT('Ctrl Pts',(3.5,1.81808462719404,11.4349834601826));
#2388=CARTESIAN_POINT('Ctrl Pts',(3.5,2.02072594216369,11.4287019221454));
#2389=CARTESIAN_POINT('Ctrl Pts',(-5.55111512312578E-16,-4.04145188432738,
11.4287019221454));
#2390=CARTESIAN_POINT('Ctrl Pts',(0.263752022696057,-3.8891745830245,11.4381425997336));
#2391=CARTESIAN_POINT('Ctrl Pts',(0.527215906664642,-3.73706363869349,11.4451517972983));
#2392=CARTESIAN_POINT('Ctrl Pts',(1.03405049428195,-3.44444255309803,11.4545159393938));
#2393=CARTESIAN_POINT('Ctrl Pts',(1.27830090068768,-3.30342451521001,11.4572088538666));
#2394=CARTESIAN_POINT('Ctrl Pts',(1.73547163311943,-3.03947686977492,11.4591590809072));
#2395=CARTESIAN_POINT('Ctrl Pts',(1.95156407006028,-2.91471584313728,11.4587888303186));
#2396=CARTESIAN_POINT('Ctrl Pts',(2.43453046701172,-2.63587506384782,11.455026547683));
#2397=CARTESIAN_POINT('Ctrl Pts',(2.70446014832853,-2.48003108967729,11.4508724422071));
#2398=CARTESIAN_POINT('Ctrl Pts',(3.1490472184934,-2.22334862503937,11.440192141672));
#2399=CARTESIAN_POINT('Ctrl Pts',(3.3245074733803,-2.12204659964834,11.4349834601826));
#2400=CARTESIAN_POINT('Ctrl Pts',(3.5,-2.02072594216369,11.4287019221454));
#2401=CARTESIAN_POINT('',(0.,-15.0000002235174,6.31139442390673));
#2402=CARTESIAN_POINT('Ctrl Pts',(0.,-4.04145188432742,11.4287019221454));
#2403=CARTESIAN_POINT('Ctrl Pts',(0.,-4.25011580999383,11.4157654645797));
#2404=CARTESIAN_POINT('Ctrl Pts',(0.,-4.75455546007648,11.3815737214641));
#2405=CARTESIAN_POINT('Ctrl Pts',(0.,-5.65314054396975,11.3087657308174));
#2406=CARTESIAN_POINT('Ctrl Pts',(0.,-7.12452132265091,11.1550502958638));
#2407=CARTESIAN_POINT('Ctrl Pts',(0.,-9.36490205720915,10.8286306569546));
#2408=CARTESIAN_POINT('Ctrl Pts',(0.,-11.6033407892517,10.2895142127929));
#2409=CARTESIAN_POINT('Ctrl Pts',(0.,-13.1670088949788,9.5327778891438));
#2410=CARTESIAN_POINT('Ctrl Pts',(0.,-14.1115933168282,8.59091133891718));
#2411=CARTESIAN_POINT('Ctrl Pts',(0.,-14.5266744634463,7.72537217741871));
#2412=CARTESIAN_POINT('Ctrl Pts',(0.,-14.7726073674906,7.03287998799659));
#2413=CARTESIAN_POINT('Ctrl Pts',(0.,-14.9259289448215,6.55464875716305));
#2414=CARTESIAN_POINT('Ctrl Pts',(0.,-15.0000002235174,6.31139442390673));
#2415=CARTESIAN_POINT('',(-15.,-1.83697019872103E-15,6.31139442390673));
#2416=CARTESIAN_POINT('Origin',(0.,0.,6.31139442390673));
#2417=CARTESIAN_POINT('Origin',(0.,0.,6.31139442390673));
#2418=CARTESIAN_POINT('',(13.9642400403676,-1.00000004749745,8.56376159699395));
#2419=CARTESIAN_POINT('',(4.89897947587098,-1.00000004749745,11.3587873565791));
#2420=CARTESIAN_POINT('Ctrl Pts',(13.9642400403676,-1.00000004749745,8.56376159699395));
#2421=CARTESIAN_POINT('Ctrl Pts',(13.8448467875101,-1.00000004749745,8.72268096761534));
#2422=CARTESIAN_POINT('Ctrl Pts',(13.71077168095,-1.00000004749745,8.87530755746748));
#2423=CARTESIAN_POINT('Ctrl Pts',(13.1851349954321,-1.00000004749745,9.37902425163979));
#2424=CARTESIAN_POINT('Ctrl Pts',(12.715314255661,-1.00000004695058,9.68633643906405));
#2425=CARTESIAN_POINT('Ctrl Pts',(11.4263893547215,-1.00000004695058,10.2621493999958));
#2426=CARTESIAN_POINT('Ctrl Pts',(10.44577891141,-1.00000004749745,10.5719698831307));
#2427=CARTESIAN_POINT('Ctrl Pts',(7.64600349876703,-1.00000004749745,11.0791707029706));
#2428=CARTESIAN_POINT('Ctrl Pts',(6.2154362440817,-1.00000004749745,11.250987768561));
#2429=CARTESIAN_POINT('Ctrl Pts',(4.89897947587098,-1.00000004749745,11.3587873565791));
#2430=CARTESIAN_POINT('',(0.999999977648258,-13.9642400453696,8.56376159699395));
#2431=CARTESIAN_POINT('Ctrl Pts',(0.999999977648259,-13.9642400453696,8.56376159699395));
#2432=CARTESIAN_POINT('Ctrl Pts',(2.81835104390561,-13.8340252238178,8.56376159699395));
#2433=CARTESIAN_POINT('Ctrl Pts',(4.5938838326955,-13.3498909295773,8.56376159699396));
#2434=CARTESIAN_POINT('Ctrl Pts',(7.85943402210497,-11.7282843311411,8.56376159699395));
#2435=CARTESIAN_POINT('Ctrl Pts',(9.31823098305143,-10.6063154698704,8.56376159699395));
#2436=CARTESIAN_POINT('Ctrl Pts',(11.5221586320729,-8.09586175572534,8.56376159699395));
#2437=CARTESIAN_POINT('Ctrl Pts',(12.3313090424967,-6.80014223446151,8.56376159699395));
#2438=CARTESIAN_POINT('Ctrl Pts',(13.5020251196394,-3.99980434260142,8.56376159699395));
#2439=CARTESIAN_POINT('Ctrl Pts',(13.8558398622375,-2.51372608342613,8.56376159699395));
#2440=CARTESIAN_POINT('Ctrl Pts',(13.9642400403676,-1.00000004749745,8.56376159699395));
#2441=CARTESIAN_POINT('',(0.999999977648258,-4.89897949012889,11.3587873565791));
#2442=CARTESIAN_POINT('Ctrl Pts',(0.999999977648258,-4.89897949012889,11.3587873565791));
#2443=CARTESIAN_POINT('Ctrl Pts',(0.999999977648258,-6.51508721025631,11.2264505027328));
#2444=CARTESIAN_POINT('Ctrl Pts',(0.999999977648258,-8.92245454617898,10.9505887373477));
#2445=CARTESIAN_POINT('Ctrl Pts',(0.999999977648258,-11.8224268471212,10.1341935321984));
#2446=CARTESIAN_POINT('Ctrl Pts',(0.999999977648258,-12.6424815337946,9.76625137130893));
#2447=CARTESIAN_POINT('Ctrl Pts',(0.999999977648258,-13.5270470249296,9.07003091787345));
#2448=CARTESIAN_POINT('Ctrl Pts',(0.999999977648258,-13.7605328239311,8.83490776864803));
#2449=CARTESIAN_POINT('Ctrl Pts',(0.999999977648258,-13.9642400453696,8.56376159699395));
#2450=CARTESIAN_POINT('Ctrl Pts',(4.89897947587098,-1.00000004749745,11.3587873565791));
#2451=CARTESIAN_POINT('Ctrl Pts',(4.7687646452238,-1.63791979999244,11.3587873565791));
#2452=CARTESIAN_POINT('Ctrl Pts',(4.5151948264419,-2.24430683998779,11.3587873565791));
#2453=CARTESIAN_POINT('Ctrl Pts',(3.78989058211234,-3.32575207860717,11.3587873565791));
#2454=CARTESIAN_POINT('Ctrl Pts',(3.32509046046182,-3.7904710713168,11.3587873565791));
#2455=CARTESIAN_POINT('Ctrl Pts',(2.24376253725596,-4.51542300313665,11.3587873565791));
#2456=CARTESIAN_POINT('Ctrl Pts',(1.63763201320817,-4.76882339892815,11.3587873565791));
#2457=CARTESIAN_POINT('Ctrl Pts',(0.999999977648258,-4.89897949012889,11.3587873565791));
#2458=CARTESIAN_POINT('',(-13.9642400403676,-1.00000004749745,8.56376159699395));
#2459=CARTESIAN_POINT('',(-0.999999977648258,-13.9642400453696,8.56376159699395));
#2460=CARTESIAN_POINT('Ctrl Pts',(-13.9642400403676,-1.00000004749745,8.56376159699395));
#2461=CARTESIAN_POINT('Ctrl Pts',(-13.8340252097204,-2.81835111310347,8.56376159699395));
#2462=CARTESIAN_POINT('Ctrl Pts',(-13.3498909065987,-4.59388389947172,8.56376159699395));
#2463=CARTESIAN_POINT('Ctrl Pts',(-11.7282842918282,-7.85943408076991,8.56376159699395));
#2464=CARTESIAN_POINT('Ctrl Pts',(-10.6063154232605,-9.31823103610428,8.56376159699395));
#2465=CARTESIAN_POINT('Ctrl Pts',(-8.09586169809145,-11.5221586725684,8.56376159699395));
#2466=CARTESIAN_POINT('Ctrl Pts',(-6.80014217278024,-12.331309076511,8.56376159699395));
#2467=CARTESIAN_POINT('Ctrl Pts',(-3.99980427506422,-13.5020251396465,8.56376159699395));
#2468=CARTESIAN_POINT('Ctrl Pts',(-2.51372601411916,-13.8558398748112,8.56376159699395));
#2469=CARTESIAN_POINT('Ctrl Pts',(-0.999999977648263,-13.9642400453696,
8.56376159699395));
#2470=CARTESIAN_POINT('',(-4.89897947587098,-1.00000004749745,11.3587873565791));
#2471=CARTESIAN_POINT('Ctrl Pts',(-4.89897947587098,-1.00000004749745,11.3587873565791));
#2472=CARTESIAN_POINT('Ctrl Pts',(-6.51508720278882,-1.00000004749745,11.2264505025619));
#2473=CARTESIAN_POINT('Ctrl Pts',(-8.9224545393795,-1.00000004749745,10.9505887370832));
#2474=CARTESIAN_POINT('Ctrl Pts',(-11.8224268409718,-1.00000004749745,10.1341935323054));
#2475=CARTESIAN_POINT('Ctrl Pts',(-12.6424815279958,-1.00000004749745,9.76625137144884));
#2476=CARTESIAN_POINT('Ctrl Pts',(-13.5270470195785,-1.00000004749745,9.07003091805916));
#2477=CARTESIAN_POINT('Ctrl Pts',(-13.7605328187683,-1.00000004749745,8.83490776876486));
#2478=CARTESIAN_POINT('Ctrl Pts',(-13.9642400403676,-1.00000004749745,8.56376159699395));
#2479=CARTESIAN_POINT('',(-0.999999977648258,-4.89897949012889,11.3587873565791));
#2480=CARTESIAN_POINT('Ctrl Pts',(-0.999999977648257,-4.89897949012889,
11.3587873565791));
#2481=CARTESIAN_POINT('Ctrl Pts',(-1.63791973199984,-4.7687646685771,11.3587873565791));
#2482=CARTESIAN_POINT('Ctrl Pts',(-2.24430677561057,-4.51519485844102,11.3587873565791));
#2483=CARTESIAN_POINT('Ctrl Pts',(-3.32575202457126,-3.78989062953061,11.3587873565791));
#2484=CARTESIAN_POINT('Ctrl Pts',(-3.79047102390797,-3.325090514506,11.3587873565791));
#2485=CARTESIAN_POINT('Ctrl Pts',(-4.51542297114529,-2.24376260163645,11.3587873565791));
#2486=CARTESIAN_POINT('Ctrl Pts',(-4.76882337557895,-1.63763208120161,11.3587873565791));
#2487=CARTESIAN_POINT('Ctrl Pts',(-4.89897947587098,-1.00000004749745,11.3587873565791));
#2488=CARTESIAN_POINT('Ctrl Pts',(-0.999999977648258,-13.9642400453696,
8.56376159699395));
#2489=CARTESIAN_POINT('Ctrl Pts',(-0.999999977648258,-13.8448467925839,
8.72268096757671));
#2490=CARTESIAN_POINT('Ctrl Pts',(-0.999999977648266,-13.7107716861098,
8.87530755739234));
#2491=CARTESIAN_POINT('Ctrl Pts',(-0.999999977648266,-13.1851350008466,
9.37902425155295));
#2492=CARTESIAN_POINT('Ctrl Pts',(-0.99999997710138,-12.7153142612624,9.68633643900177));
#2493=CARTESIAN_POINT('Ctrl Pts',(-0.99999997710138,-11.426389360329,10.262149400222));
#2494=CARTESIAN_POINT('Ctrl Pts',(-0.99999997764826,-10.4457789173071,10.571969883211));
#2495=CARTESIAN_POINT('Ctrl Pts',(-0.99999997764826,-7.6460035090212,11.0791707027564));
#2496=CARTESIAN_POINT('Ctrl Pts',(-0.999999977648257,-6.21543625604494,
11.2509877684351));
#2497=CARTESIAN_POINT('Ctrl Pts',(-0.999999977648257,-4.89897949012889,
11.3587873565791));
#2498=CARTESIAN_POINT('',(-13.9642400403676,1.00000004749745,8.56376159699395));
#2499=CARTESIAN_POINT('',(-4.89897947587098,1.00000004749745,11.3587873565791));
#2500=CARTESIAN_POINT('Ctrl Pts',(-13.9642400403676,1.00000004749745,8.56376159699395));
#2501=CARTESIAN_POINT('Ctrl Pts',(-13.84484678751,1.00000004749745,8.72268096761545));
#2502=CARTESIAN_POINT('Ctrl Pts',(-13.71077168095,1.00000004749746,8.87530755746755));
#2503=CARTESIAN_POINT('Ctrl Pts',(-13.1851349954345,1.00000004749746,9.37902425163741));
#2504=CARTESIAN_POINT('Ctrl Pts',(-12.7153142556647,1.00000004695058,9.68633643906251));
#2505=CARTESIAN_POINT('Ctrl Pts',(-11.4263893547153,1.00000004695058,10.2621493999985));
#2506=CARTESIAN_POINT('Ctrl Pts',(-10.4457789113999,1.00000004749745,10.5719698831325));
#2507=CARTESIAN_POINT('Ctrl Pts',(-7.64600349876698,1.00000004749745,11.0791707029706));
#2508=CARTESIAN_POINT('Ctrl Pts',(-6.21543624408166,1.00000004749745,11.250987768561));
#2509=CARTESIAN_POINT('Ctrl Pts',(-4.89897947587098,1.00000004749745,11.3587873565791));
#2510=CARTESIAN_POINT('',(-0.999999977648258,13.9642400453696,8.56376159699395));
#2511=CARTESIAN_POINT('Ctrl Pts',(-0.999999977648256,13.9642400453696,8.56376159699395));
#2512=CARTESIAN_POINT('Ctrl Pts',(-2.8183510439056,13.8340252238178,8.56376159699395));
#2513=CARTESIAN_POINT('Ctrl Pts',(-4.5938838326955,13.3498909295773,8.56376159699395));
#2514=CARTESIAN_POINT('Ctrl Pts',(-7.85943402210497,11.7282843311411,8.56376159699395));
#2515=CARTESIAN_POINT('Ctrl Pts',(-9.31823098305143,10.6063154698704,8.56376159699395));
#2516=CARTESIAN_POINT('Ctrl Pts',(-11.5221586320729,8.09586175572534,8.56376159699395));
#2517=CARTESIAN_POINT('Ctrl Pts',(-12.3313090424967,6.80014223446151,8.56376159699395));
#2518=CARTESIAN_POINT('Ctrl Pts',(-13.5020251196394,3.99980434260142,8.56376159699395));
#2519=CARTESIAN_POINT('Ctrl Pts',(-13.8558398622375,2.51372608342613,8.56376159699395));
#2520=CARTESIAN_POINT('Ctrl Pts',(-13.9642400403676,1.00000004749745,8.56376159699395));
#2521=CARTESIAN_POINT('',(-0.999999977648258,4.89897949012889,11.3587873565791));
#2522=CARTESIAN_POINT('Ctrl Pts',(-0.999999977648259,4.89897949012889,11.3587873565791));
#2523=CARTESIAN_POINT('Ctrl Pts',(-0.999999977648259,6.51508721025296,11.2264505027331));
#2524=CARTESIAN_POINT('Ctrl Pts',(-0.999999977648258,8.92245454617743,10.9505887373481));
#2525=CARTESIAN_POINT('Ctrl Pts',(-0.999999977648258,11.8224268471225,10.134193532198));
#2526=CARTESIAN_POINT('Ctrl Pts',(-0.99999997764826,12.6424815337953,9.76625137130842));
#2527=CARTESIAN_POINT('Ctrl Pts',(-0.99999997764826,13.5270470249295,9.0700309178735));
#2528=CARTESIAN_POINT('Ctrl Pts',(-0.999999977648258,13.7605328239311,8.83490776864807));
#2529=CARTESIAN_POINT('Ctrl Pts',(-0.999999977648258,13.9642400453696,8.56376159699395));
#2530=CARTESIAN_POINT('Ctrl Pts',(-4.89897947587098,1.00000004749745,11.3587873565791));
#2531=CARTESIAN_POINT('Ctrl Pts',(-4.7687646452238,1.63791979999244,11.3587873565791));
#2532=CARTESIAN_POINT('Ctrl Pts',(-4.51519482644191,2.24430683998779,11.3587873565791));
#2533=CARTESIAN_POINT('Ctrl Pts',(-3.78989058211234,3.32575207860717,11.3587873565791));
#2534=CARTESIAN_POINT('Ctrl Pts',(-3.32509046046182,3.7904710713168,11.3587873565791));
#2535=CARTESIAN_POINT('Ctrl Pts',(-2.24376253725596,4.51542300313665,11.3587873565791));
#2536=CARTESIAN_POINT('Ctrl Pts',(-1.63763201320817,4.76882339892815,11.3587873565791));
#2537=CARTESIAN_POINT('Ctrl Pts',(-0.999999977648257,4.89897949012889,11.3587873565791));
#2538=CARTESIAN_POINT('',(13.9642400403676,1.00000004749745,8.56376159699395));
#2539=CARTESIAN_POINT('',(0.999999977648258,13.9642400453696,8.56376159699395));
#2540=CARTESIAN_POINT('Ctrl Pts',(13.9642400403676,1.00000004749745,8.56376159699395));
#2541=CARTESIAN_POINT('Ctrl Pts',(13.8340252097204,2.81835111310347,8.56376159699395));
#2542=CARTESIAN_POINT('Ctrl Pts',(13.3498909065987,4.59388389947172,8.56376159699395));
#2543=CARTESIAN_POINT('Ctrl Pts',(11.7282842918282,7.85943408076991,8.56376159699395));
#2544=CARTESIAN_POINT('Ctrl Pts',(10.6063154232605,9.31823103610427,8.56376159699395));
#2545=CARTESIAN_POINT('Ctrl Pts',(8.09586169809146,11.5221586725684,8.56376159699395));
#2546=CARTESIAN_POINT('Ctrl Pts',(6.80014217278025,12.331309076511,8.56376159699395));
#2547=CARTESIAN_POINT('Ctrl Pts',(3.99980427506423,13.5020251396465,8.56376159699395));
#2548=CARTESIAN_POINT('Ctrl Pts',(2.51372601411916,13.8558398748112,8.56376159699395));
#2549=CARTESIAN_POINT('Ctrl Pts',(0.999999977648261,13.9642400453696,8.56376159699395));
#2550=CARTESIAN_POINT('',(4.89897947587098,1.00000004749745,11.3587873565791));
#2551=CARTESIAN_POINT('Ctrl Pts',(4.89897947587098,1.00000004749745,11.3587873565791));
#2552=CARTESIAN_POINT('Ctrl Pts',(6.51508720278614,1.00000004749745,11.2264505025621));
#2553=CARTESIAN_POINT('Ctrl Pts',(8.9224545393779,1.00000004749745,10.9505887370836));
#2554=CARTESIAN_POINT('Ctrl Pts',(11.8224268409658,1.00000004749745,10.1341935323071));
#2555=CARTESIAN_POINT('Ctrl Pts',(12.6424815279925,1.00000004749745,9.76625137145138));
#2556=CARTESIAN_POINT('Ctrl Pts',(13.5270470195786,1.00000004749745,9.07003091805909));
#2557=CARTESIAN_POINT('Ctrl Pts',(13.7605328187684,1.00000004749745,8.8349077687648));
#2558=CARTESIAN_POINT('Ctrl Pts',(13.9642400403676,1.00000004749745,8.56376159699395));
#2559=CARTESIAN_POINT('',(0.999999977648258,4.89897949012889,11.3587873565791));
#2560=CARTESIAN_POINT('Ctrl Pts',(0.999999977648258,4.89897949012889,11.3587873565791));
#2561=CARTESIAN_POINT('Ctrl Pts',(1.63791973199984,4.7687646685771,11.3587873565791));
#2562=CARTESIAN_POINT('Ctrl Pts',(2.24430677561057,4.51519485844102,11.3587873565791));
#2563=CARTESIAN_POINT('Ctrl Pts',(3.32575202457126,3.7898906295306,11.3587873565791));
#2564=CARTESIAN_POINT('Ctrl Pts',(3.79047102390797,3.325090514506,11.3587873565791));
#2565=CARTESIAN_POINT('Ctrl Pts',(4.51542297114529,2.24376260163644,11.3587873565791));
#2566=CARTESIAN_POINT('Ctrl Pts',(4.76882337557895,1.63763208120161,11.3587873565791));
#2567=CARTESIAN_POINT('Ctrl Pts',(4.89897947587098,1.00000004749745,11.3587873565791));
#2568=CARTESIAN_POINT('Ctrl Pts',(0.999999977648259,13.9642400453696,8.56376159699395));
#2569=CARTESIAN_POINT('Ctrl Pts',(0.999999977648259,13.8448467925838,8.72268096757683));
#2570=CARTESIAN_POINT('Ctrl Pts',(0.999999977648257,13.7107716861098,8.8753075573924));
#2571=CARTESIAN_POINT('Ctrl Pts',(0.999999977648257,13.1851350008465,9.37902425155304));
#2572=CARTESIAN_POINT('Ctrl Pts',(0.999999977101391,12.7153142612621,9.68633643900198));
#2573=CARTESIAN_POINT('Ctrl Pts',(0.999999977101391,11.4263893603221,10.2621494002249));
#2574=CARTESIAN_POINT('Ctrl Pts',(0.999999977648259,10.4457789172962,10.5719698832132));
#2575=CARTESIAN_POINT('Ctrl Pts',(0.999999977648259,7.64600350901878,11.0791707027567));
#2576=CARTESIAN_POINT('Ctrl Pts',(0.999999977648258,6.21543625604382,11.2509877684352));
#2577=CARTESIAN_POINT('Ctrl Pts',(0.999999977648258,4.89897949012889,11.3587873565791));
#2578=CARTESIAN_POINT('Origin',(0.999999977648258,-13.9642400453696,4.5));
#2579=CARTESIAN_POINT('',(0.999999977648258,-13.9642400453696,4.5));
#2580=CARTESIAN_POINT('',(0.999999977648258,-13.9642400453696,4.5));
#2581=CARTESIAN_POINT('',(0.999999977648258,-4.89897949012889,4.5));
#2582=CARTESIAN_POINT('',(0.999999977648258,-6.98212002268479,4.5));
#2583=CARTESIAN_POINT('',(0.999999977648258,-4.89897949012889,4.5));
#2584=CARTESIAN_POINT('Origin',(0.,0.,4.5));
#2585=CARTESIAN_POINT('',(13.9642400403676,-1.00000004749745,4.5));
#2586=CARTESIAN_POINT('',(13.9642400403676,-1.00000004749745,4.5));
#2587=CARTESIAN_POINT('Origin',(0.,0.,4.5));
#2588=CARTESIAN_POINT('Origin',(0.,0.,4.5));
#2589=CARTESIAN_POINT('',(-4.89897947587098,-1.00000004749745,4.5));
#2590=CARTESIAN_POINT('',(-4.89897947587098,-1.00000004749745,4.5));
#2591=CARTESIAN_POINT('',(-0.999999977648258,-4.89897949012889,4.5));
#2592=CARTESIAN_POINT('Origin',(0.,0.,4.5));
#2593=CARTESIAN_POINT('',(-0.999999977648258,-4.89897949012889,4.5));
#2594=CARTESIAN_POINT('Origin',(-13.9642400403676,-1.00000004749745,4.5));
#2595=CARTESIAN_POINT('',(-13.9642400403676,-1.00000004749745,4.5));
#2596=CARTESIAN_POINT('',(-13.9642400403676,-1.00000004749745,4.5));
#2597=CARTESIAN_POINT('',(-6.98212002018379,-1.00000004749745,4.5));
#2598=CARTESIAN_POINT('Origin',(-1.11022302462516E-15,-4.04145188432738,
4.5));
#2599=CARTESIAN_POINT('',(-1.11022302462516E-15,-4.04145188432738,4.5));
#2600=CARTESIAN_POINT('',(-1.11022302462516E-15,-4.04145188432738,4.5));
#2601=CARTESIAN_POINT('',(-3.5,-2.02072594216369,4.5));
#2602=CARTESIAN_POINT('',(-0.875000000000001,-3.53627039878646,4.5));
#2603=CARTESIAN_POINT('',(-3.5,-2.02072594216369,4.5));
#2604=CARTESIAN_POINT('Origin',(3.5,-2.02072594216369,4.5));
#2605=CARTESIAN_POINT('',(3.5,-2.02072594216369,4.5));
#2606=CARTESIAN_POINT('',(3.5,-2.02072594216369,4.5));
#2607=CARTESIAN_POINT('',(2.625,-2.52590742770461,4.5));
#2608=CARTESIAN_POINT('Origin',(3.5,2.02072594216369,4.5));
#2609=CARTESIAN_POINT('',(3.5,2.02072594216369,4.5));
#2610=CARTESIAN_POINT('',(3.5,2.02072594216369,4.5));
#2611=CARTESIAN_POINT('',(3.5,1.01036297108184,4.5));
#2612=CARTESIAN_POINT('Origin',(-0.999999977648258,13.9642400453696,4.5));
#2613=CARTESIAN_POINT('',(-0.999999977648258,13.9642400453696,4.5));
#2614=CARTESIAN_POINT('',(-0.999999977648258,13.9642400453696,4.5));
#2615=CARTESIAN_POINT('',(-0.999999977648258,4.89897949012889,4.5));
#2616=CARTESIAN_POINT('',(-0.999999977648258,6.98212002268479,4.5));
#2617=CARTESIAN_POINT('',(-0.999999977648258,4.89897949012889,4.5));
#2618=CARTESIAN_POINT('Origin',(0.,0.,4.5));
#2619=CARTESIAN_POINT('',(-13.9642400403676,1.00000004749745,4.5));
#2620=CARTESIAN_POINT('',(-13.9642400403676,1.00000004749745,4.5));
#2621=CARTESIAN_POINT('Origin',(0.,0.,4.5));
#2622=CARTESIAN_POINT('Origin',(0.,0.,4.5));
#2623=CARTESIAN_POINT('',(4.89897947587098,1.00000004749745,4.5));
#2624=CARTESIAN_POINT('',(4.89897947587098,1.00000004749745,4.5));
#2625=CARTESIAN_POINT('',(0.999999977648258,4.89897949012889,4.5));
#2626=CARTESIAN_POINT('Origin',(0.,0.,4.5));
#2627=CARTESIAN_POINT('',(0.999999977648258,4.89897949012889,4.5));
#2628=CARTESIAN_POINT('Origin',(13.9642400403676,1.00000004749745,4.5));
#2629=CARTESIAN_POINT('',(13.9642400403676,1.00000004749745,4.5));
#2630=CARTESIAN_POINT('',(13.9642400403676,1.00000004749745,4.5));
#2631=CARTESIAN_POINT('',(6.98212002018379,1.00000004749745,4.5));
#2632=CARTESIAN_POINT('Origin',(4.89897947587098,-1.00000004749745,4.5));
#2633=CARTESIAN_POINT('',(4.89897947587098,-1.00000004749745,4.5));
#2634=CARTESIAN_POINT('',(4.89897947587098,-1.00000004749745,4.5));
#2635=CARTESIAN_POINT('',(2.44948973793549,-1.00000004749745,4.5));
#2636=CARTESIAN_POINT('Origin',(0.,0.,4.5));
#2637=CARTESIAN_POINT('Origin',(0.,0.,4.5));
#2638=CARTESIAN_POINT('Origin',(0.,0.,4.5));
#2639=CARTESIAN_POINT('',(-0.999999977648258,-13.9642400453696,4.5));
#2640=CARTESIAN_POINT('',(-0.999999977648258,-13.9642400453696,4.5));
#2641=CARTESIAN_POINT('Origin',(0.,0.,4.5));
#2642=CARTESIAN_POINT('Origin',(-0.999999977648258,-4.89897949012889,4.5));
#2643=CARTESIAN_POINT('',(-0.999999977648258,-2.44948974506444,4.5));
#2644=CARTESIAN_POINT('Origin',(1.2490009027033E-15,4.04145188432738,4.5));
#2645=CARTESIAN_POINT('',(1.21430643318376E-15,4.04145188432738,4.5));
#2646=CARTESIAN_POINT('',(1.21430643318376E-15,4.04145188432738,4.5));
#2647=CARTESIAN_POINT('',(0.875000000000001,3.53627039878646,4.5));
#2648=CARTESIAN_POINT('Origin',(-3.5,2.02072594216369,4.5));
#2649=CARTESIAN_POINT('',(-3.5,2.02072594216369,4.5));
#2650=CARTESIAN_POINT('',(-3.5,2.02072594216369,4.5));
#2651=CARTESIAN_POINT('',(-2.625,2.52590742770461,4.5));
#2652=CARTESIAN_POINT('Origin',(-3.5,-2.02072594216369,4.5));
#2653=CARTESIAN_POINT('',(-3.5,-1.01036297108184,4.5));
#2654=CARTESIAN_POINT('Origin',(-4.89897947587098,1.00000004749745,4.5));
#2655=CARTESIAN_POINT('',(-4.89897947587098,1.00000004749745,4.5));
#2656=CARTESIAN_POINT('',(-4.89897947587098,1.00000004749745,4.5));
#2657=CARTESIAN_POINT('',(-2.44948973793549,1.00000004749745,4.5));
#2658=CARTESIAN_POINT('Origin',(0.,0.,4.5));
#2659=CARTESIAN_POINT('Origin',(0.,0.,4.5));
#2660=CARTESIAN_POINT('Origin',(0.,0.,4.5));
#2661=CARTESIAN_POINT('',(0.999999977648258,13.9642400453696,4.5));
#2662=CARTESIAN_POINT('',(0.999999977648258,13.9642400453696,4.5));
#2663=CARTESIAN_POINT('Origin',(0.,0.,4.5));
#2664=CARTESIAN_POINT('Origin',(0.999999977648258,4.89897949012889,4.5));
#2665=CARTESIAN_POINT('',(0.999999977648258,2.44948974506444,4.5));
#2666=CARTESIAN_POINT('Origin',(0.,0.,4.5));
#2667=CARTESIAN_POINT('',(3.34750523010264,7.23630924594388,4.5));
#2668=CARTESIAN_POINT('',(4.05461201128919,6.52920246475732,4.5));
#2669=CARTESIAN_POINT('',(4.76200631257528,8.65023517125992,4.5));
#2670=CARTESIAN_POINT('Origin',(4.05461201128919,7.94341602713042,4.5));
#2671=CARTESIAN_POINT('',(5.44866890833251,7.96301382025475,4.5));
#2672=CARTESIAN_POINT('',(7.94369951960311,5.4685420227108,4.5));
#2673=CARTESIAN_POINT('Origin',(7.23659252662865,4.76143551179096,4.5));
#2674=CARTESIAN_POINT('',(8.65080628498459,4.76143525732933,4.5));
#2675=CARTESIAN_POINT('',(8.65080625574521,4.76143522808998,4.5));
#2676=CARTESIAN_POINT('',(7.23659252662865,3.34722194941786,4.5));
#2677=CARTESIAN_POINT('Origin',(7.9436993078152,4.05432873060441,4.5));
#2678=CARTESIAN_POINT('',(6.5294857454421,4.05432873060441,4.5));
#2679=CARTESIAN_POINT('',(7.23659252662865,3.34722194941786,4.5));
#2680=CARTESIAN_POINT('Origin',(7.23659252662865,4.76143551179096,4.5));
#2681=CARTESIAN_POINT('Origin',(0.,0.,4.5));
#2682=CARTESIAN_POINT('',(-7.23630924594388,3.34750523010264,4.5));
#2683=CARTESIAN_POINT('',(-6.52920246475732,4.05461201128918,4.5));
#2684=CARTESIAN_POINT('',(-8.65023517125992,4.76200631257528,4.5));
#2685=CARTESIAN_POINT('Origin',(-7.94341602713043,4.05461201128918,4.5));
#2686=CARTESIAN_POINT('',(-7.96301382025476,5.44866890833251,4.5));
#2687=CARTESIAN_POINT('',(-5.4685420227108,7.94369951960311,4.5));
#2688=CARTESIAN_POINT('Origin',(-4.76143551179096,7.23659252662865,4.5));
#2689=CARTESIAN_POINT('',(-4.76143525732933,8.65080628498458,4.5));
#2690=CARTESIAN_POINT('',(-4.76143522808998,8.65080625574521,4.5));
#2691=CARTESIAN_POINT('',(-3.34722194941786,7.23659252662865,4.5));
#2692=CARTESIAN_POINT('Origin',(-4.05432873060441,7.9436993078152,4.5));
#2693=CARTESIAN_POINT('',(-4.05432873060437,6.52948574544214,4.5));
#2694=CARTESIAN_POINT('',(-3.34722194941786,7.23659252662865,4.5));
#2695=CARTESIAN_POINT('Origin',(-4.76143551179096,7.23659252662865,4.5));
#2696=CARTESIAN_POINT('Origin',(0.,0.,4.5));
#2697=CARTESIAN_POINT('Origin',(0.,0.,4.5));
#2698=CARTESIAN_POINT('',(-3.34750523010263,-7.23630924594388,4.5));
#2699=CARTESIAN_POINT('',(-4.05461201128918,-6.52920246475733,4.5));
#2700=CARTESIAN_POINT('',(-4.76200631257528,-8.65023517125992,4.5));
#2701=CARTESIAN_POINT('Origin',(-4.05461201128918,-7.94341602713043,4.5));
#2702=CARTESIAN_POINT('',(-5.44866890833251,-7.96301382025476,4.5));
#2703=CARTESIAN_POINT('',(-7.94369951960311,-5.46854202271081,4.5));
#2704=CARTESIAN_POINT('Origin',(-7.23659252662865,-4.76143551179096,4.5));
#2705=CARTESIAN_POINT('',(-8.65080628498459,-4.76143525732933,4.5));
#2706=CARTESIAN_POINT('',(-8.65080625574521,-4.76143522808999,4.5));
#2707=CARTESIAN_POINT('',(-7.23659252662865,-3.34722194941786,4.5));
#2708=CARTESIAN_POINT('Origin',(-7.9436993078152,-4.05432873060441,4.5));
#2709=CARTESIAN_POINT('',(-6.5294857454421,-4.05432873060441,4.5));
#2710=CARTESIAN_POINT('',(-7.23659252662865,-3.34722194941786,4.5));
#2711=CARTESIAN_POINT('Origin',(-7.23659252662865,-4.76143551179096,4.5));
#2712=CARTESIAN_POINT('Origin',(0.,0.,4.5));
#2713=CARTESIAN_POINT('',(7.23630924594388,-3.34750523010264,4.5));
#2714=CARTESIAN_POINT('',(6.52920246475732,-4.05461201128918,4.5));
#2715=CARTESIAN_POINT('',(8.65023517125992,-4.76200631257528,4.5));
#2716=CARTESIAN_POINT('Origin',(7.94341602713043,-4.05461201128919,4.5));
#2717=CARTESIAN_POINT('',(7.96301382025475,-5.44866890833251,4.5));
#2718=CARTESIAN_POINT('',(5.4685420227108,-7.94369951960311,4.5));
#2719=CARTESIAN_POINT('Origin',(4.76143551179096,-7.23659252662865,4.5));
#2720=CARTESIAN_POINT('',(4.76143525732933,-8.65080628498458,4.5));
#2721=CARTESIAN_POINT('',(4.76143522808998,-8.65080625574521,4.5));
#2722=CARTESIAN_POINT('',(3.34722194941786,-7.23659252662865,4.5));
#2723=CARTESIAN_POINT('Origin',(4.05432873060441,-7.9436993078152,4.5));
#2724=CARTESIAN_POINT('',(4.05432873060441,-6.5294857454421,4.5));
#2725=CARTESIAN_POINT('',(3.34722194941786,-7.23659252662865,4.5));
#2726=CARTESIAN_POINT('Origin',(4.76143551179096,-7.23659252662865,4.5));
#2727=CARTESIAN_POINT('Origin',(5.46854199347145,-7.94369949036375,0.));
#2728=CARTESIAN_POINT('',(5.4685420227108,-7.94369951960311,0.));
#2729=CARTESIAN_POINT('',(4.76143525732933,-8.65080628498458,0.));
#2730=CARTESIAN_POINT('',(4.76143522808998,-8.65080625574521,0.));
#2731=CARTESIAN_POINT('',(4.76143525732933,-8.65080628498458,0.));
#2732=CARTESIAN_POINT('',(5.4685420227108,-7.94369951960311,0.));
#2733=CARTESIAN_POINT('Origin',(4.76143551179096,-7.23659252662865,0.));
#2734=CARTESIAN_POINT('',(4.05432873060441,-6.5294857454421,0.));
#2735=CARTESIAN_POINT('',(4.05432873060441,-6.5294857454421,0.));
#2736=CARTESIAN_POINT('Origin',(4.76143551179096,-7.23659252662865,0.));
#2737=CARTESIAN_POINT('Origin',(3.34722194941786,-7.23659252662865,0.));
#2738=CARTESIAN_POINT('',(3.34722194941786,-7.23659252662865,0.));
#2739=CARTESIAN_POINT('',(3.34722194941786,-7.23659252662865,0.));
#2740=CARTESIAN_POINT('',(3.34722194941786,-7.23659252662865,0.));
#2741=CARTESIAN_POINT('Origin',(4.05432873060441,-7.9436993078152,0.));
#2742=CARTESIAN_POINT('Origin',(4.05432873060441,-7.9436993078152,0.));
#2743=CARTESIAN_POINT('Origin',(7.94369949036375,5.46854199347145,0.));
#2744=CARTESIAN_POINT('',(7.94369951960311,5.4685420227108,0.));
#2745=CARTESIAN_POINT('',(8.65080628498459,4.76143525732933,0.));
#2746=CARTESIAN_POINT('',(8.65080625574521,4.76143522808998,0.));
#2747=CARTESIAN_POINT('',(8.65080628498459,4.76143525732933,0.));
#2748=CARTESIAN_POINT('',(7.94369951960311,5.4685420227108,0.));
#2749=CARTESIAN_POINT('Origin',(7.23659252662865,4.76143551179096,0.));
#2750=CARTESIAN_POINT('',(6.5294857454421,4.05432873060441,0.));
#2751=CARTESIAN_POINT('',(6.5294857454421,4.05432873060441,0.));
#2752=CARTESIAN_POINT('Origin',(7.23659252662865,4.76143551179096,0.));
#2753=CARTESIAN_POINT('Origin',(7.23659252662865,3.34722194941786,0.));
#2754=CARTESIAN_POINT('',(7.23659252662865,3.34722194941786,0.));
#2755=CARTESIAN_POINT('',(7.23659252662865,3.34722194941786,0.));
#2756=CARTESIAN_POINT('',(7.23659252662865,3.34722194941786,0.));
#2757=CARTESIAN_POINT('Origin',(7.9436993078152,4.05432873060441,0.));
#2758=CARTESIAN_POINT('Origin',(7.9436993078152,4.05432873060441,0.));
#2759=CARTESIAN_POINT('Origin',(-4.05461201128918,-7.94341602713043,0.));
#2760=CARTESIAN_POINT('',(-3.34750523010264,-7.23630924594388,0.));
#2761=CARTESIAN_POINT('',(-4.76200631257528,-8.65023517125992,0.));
#2762=CARTESIAN_POINT('Origin',(-4.05461201128918,-7.94341602713043,0.));
#2763=CARTESIAN_POINT('',(-4.76200631257528,-8.65023517125992,0.));
#2764=CARTESIAN_POINT('',(-3.34750523010264,-7.23630924594388,0.));
#2765=CARTESIAN_POINT('Origin',(-4.05461201128918,-6.52920246475733,0.));
#2766=CARTESIAN_POINT('',(-4.05461201128918,-6.52920246475733,0.));
#2767=CARTESIAN_POINT('Origin',(-4.76200631257528,-8.65023517125992,0.));
#2768=CARTESIAN_POINT('',(-5.44866890833251,-7.96301382025476,0.));
#2769=CARTESIAN_POINT('Origin',(-7.94369949036375,-5.46854199347145,0.));
#2770=CARTESIAN_POINT('',(-7.94369951960311,-5.46854202271081,0.));
#2771=CARTESIAN_POINT('',(-8.65080628498459,-4.76143525732933,0.));
#2772=CARTESIAN_POINT('',(-8.65080625574521,-4.76143522808999,0.));
#2773=CARTESIAN_POINT('',(-8.65080628498459,-4.76143525732933,0.));
#2774=CARTESIAN_POINT('',(-7.94369951960311,-5.46854202271081,0.));
#2775=CARTESIAN_POINT('Origin',(-7.23659252662865,-4.76143551179096,0.));
#2776=CARTESIAN_POINT('',(-6.5294857454421,-4.05432873060441,0.));
#2777=CARTESIAN_POINT('',(-6.5294857454421,-4.05432873060441,0.));
#2778=CARTESIAN_POINT('Origin',(-7.23659252662865,-4.76143551179096,0.));
#2779=CARTESIAN_POINT('Origin',(-7.23659252662865,-3.34722194941786,0.));
#2780=CARTESIAN_POINT('',(-7.23659252662865,-3.34722194941786,0.));
#2781=CARTESIAN_POINT('',(-7.23659252662865,-3.34722194941786,0.));
#2782=CARTESIAN_POINT('',(-7.23659252662865,-3.34722194941786,0.));
#2783=CARTESIAN_POINT('Origin',(-7.9436993078152,-4.05432873060441,0.));
#2784=CARTESIAN_POINT('Origin',(-7.9436993078152,-4.05432873060441,0.));
#2785=CARTESIAN_POINT('Origin',(4.05461201128919,7.94341602713042,0.));
#2786=CARTESIAN_POINT('',(3.34750523010264,7.23630924594388,0.));
#2787=CARTESIAN_POINT('',(4.76200631257528,8.65023517125992,0.));
#2788=CARTESIAN_POINT('Origin',(4.05461201128919,7.94341602713042,0.));
#2789=CARTESIAN_POINT('',(4.76200631257528,8.65023517125992,0.));
#2790=CARTESIAN_POINT('',(3.34750523010264,7.23630924594388,0.));
#2791=CARTESIAN_POINT('Origin',(4.05461201128919,6.52920246475732,0.));
#2792=CARTESIAN_POINT('',(4.05461201128919,6.52920246475732,0.));
#2793=CARTESIAN_POINT('Origin',(4.76200631257528,8.65023517125992,0.));
#2794=CARTESIAN_POINT('',(5.44866890833251,7.96301382025475,0.));
#2795=CARTESIAN_POINT('Origin',(-5.46854199347145,7.94369949036375,0.));
#2796=CARTESIAN_POINT('',(-5.4685420227108,7.94369951960311,0.));
#2797=CARTESIAN_POINT('',(-4.76143525732933,8.65080628498458,0.));
#2798=CARTESIAN_POINT('',(-4.76143522808998,8.65080625574521,0.));
#2799=CARTESIAN_POINT('',(-4.76143525732933,8.65080628498458,0.));
#2800=CARTESIAN_POINT('',(-5.4685420227108,7.94369951960311,0.));
#2801=CARTESIAN_POINT('Origin',(-4.76143551179096,7.23659252662865,0.));
#2802=CARTESIAN_POINT('',(-4.05432873060437,6.52948574544214,0.));
#2803=CARTESIAN_POINT('',(-4.05432873060437,6.52948574544214,0.));
#2804=CARTESIAN_POINT('Origin',(-4.76143551179096,7.23659252662865,0.));
#2805=CARTESIAN_POINT('Origin',(-3.34722194941786,7.23659252662865,0.));
#2806=CARTESIAN_POINT('',(-3.34722194941786,7.23659252662865,0.));
#2807=CARTESIAN_POINT('',(-3.34722194941786,7.23659252662865,0.));
#2808=CARTESIAN_POINT('',(-3.34722194941786,7.23659252662865,0.));
#2809=CARTESIAN_POINT('Origin',(-4.05432873060441,7.9436993078152,0.));
#2810=CARTESIAN_POINT('Origin',(-4.05432873060441,7.9436993078152,0.));
#2811=CARTESIAN_POINT('Origin',(7.94341602713043,-4.05461201128919,0.));
#2812=CARTESIAN_POINT('',(7.23630924594388,-3.34750523010264,0.));
#2813=CARTESIAN_POINT('',(8.65023517125992,-4.76200631257528,0.));
#2814=CARTESIAN_POINT('Origin',(7.94341602713043,-4.05461201128919,0.));
#2815=CARTESIAN_POINT('',(8.65023517125992,-4.76200631257528,0.));
#2816=CARTESIAN_POINT('',(7.23630924594388,-3.34750523010264,0.));
#2817=CARTESIAN_POINT('Origin',(6.52920246475732,-4.05461201128918,0.));
#2818=CARTESIAN_POINT('',(6.52920246475732,-4.05461201128918,0.));
#2819=CARTESIAN_POINT('Origin',(8.65023517125992,-4.76200631257528,0.));
#2820=CARTESIAN_POINT('',(7.96301382025475,-5.44866890833251,0.));
#2821=CARTESIAN_POINT('Origin',(-7.94341602713043,4.05461201128918,0.));
#2822=CARTESIAN_POINT('',(-7.23630924594388,3.34750523010264,0.));
#2823=CARTESIAN_POINT('',(-8.65023517125992,4.76200631257528,0.));
#2824=CARTESIAN_POINT('Origin',(-7.94341602713043,4.05461201128918,0.));
#2825=CARTESIAN_POINT('',(-8.65023517125992,4.76200631257528,0.));
#2826=CARTESIAN_POINT('',(-7.23630924594388,3.34750523010264,0.));
#2827=CARTESIAN_POINT('Origin',(-6.52920246475732,4.05461201128918,0.));
#2828=CARTESIAN_POINT('',(-6.52920246475732,4.05461201128918,0.));
#2829=CARTESIAN_POINT('Origin',(-8.65023517125992,4.76200631257528,0.));
#2830=CARTESIAN_POINT('',(-7.96301382025476,5.44866890833251,0.));
#2831=CARTESIAN_POINT('Origin',(0.,0.,0.));
#2832=CARTESIAN_POINT('',(-15.,-1.83697019872103E-15,0.));
#2833=CARTESIAN_POINT('',(-15.,-1.83697019872103E-15,0.));
#2834=CARTESIAN_POINT('Origin',(0.,0.,0.));
#2835=CARTESIAN_POINT('Origin',(0.,0.,0.));
#2836=UNCERTAINTY_MEASURE_WITH_UNIT(LENGTH_MEASURE(0.01),#2840,
'DISTANCE_ACCURACY_VALUE',
'Maximum model space distance between geometric entities at asserted c
onnectivities');
#2837=UNCERTAINTY_MEASURE_WITH_UNIT(LENGTH_MEASURE(0.01),#2840,
'DISTANCE_ACCURACY_VALUE',
'Maximum model space distance between geometric entities at asserted c
onnectivities');
#2838=(
GEOMETRIC_REPRESENTATION_CONTEXT(3)
GLOBAL_UNCERTAINTY_ASSIGNED_CONTEXT((#2836))
GLOBAL_UNIT_ASSIGNED_CONTEXT((#2840,#2842,#2843))
REPRESENTATION_CONTEXT('','3D')
);
#2839=(
GEOMETRIC_REPRESENTATION_CONTEXT(3)
GLOBAL_UNCERTAINTY_ASSIGNED_CONTEXT((#2837))
GLOBAL_UNIT_ASSIGNED_CONTEXT((#2840,#2842,#2843))
REPRESENTATION_CONTEXT('','3D')
);
#2840=(
LENGTH_UNIT()
NAMED_UNIT(*)
SI_UNIT(.MILLI.,.METRE.)
);
#2841=(
LENGTH_UNIT()
NAMED_UNIT(*)
SI_UNIT($,.METRE.)
);
#2842=(
NAMED_UNIT(*)
PLANE_ANGLE_UNIT()
SI_UNIT($,.RADIAN.)
);
#2843=(
NAMED_UNIT(*)
SI_UNIT($,.STERADIAN.)
SOLID_ANGLE_UNIT()
);
#2844=SHAPE_DEFINITION_REPRESENTATION(#2845,#2846);
#2845=PRODUCT_DEFINITION_SHAPE('',$,#2848);
#2846=SHAPE_REPRESENTATION('',(#1515),#2838);
#2847=PRODUCT_DEFINITION_CONTEXT('part definition',#2852,'design');
#2848=PRODUCT_DEFINITION('2026-09-12-18-50-55-083','Sensor case Top V2',
#2849,#2847);
#2849=PRODUCT_DEFINITION_FORMATION('',$,#2854);
#2850=PRODUCT_RELATED_PRODUCT_CATEGORY('Sensor case Top V2',
'Sensor case Top V2',(#2854));
#2851=APPLICATION_PROTOCOL_DEFINITION('international standard',
'automotive_design',2009,#2852);
#2852=APPLICATION_CONTEXT(
'Core Data for Automotive Mechanical Design Process');
#2853=PRODUCT_CONTEXT('part definition',#2852,'mechanical');
#2854=PRODUCT('2026-09-12-18-50-55-083','Sensor case Top V2',$,(#2853));
#2855=PRESENTATION_STYLE_ASSIGNMENT((#2856));
#2856=SURFACE_STYLE_USAGE(.BOTH.,#2857);
#2857=SURFACE_SIDE_STYLE('',(#2858));
#2858=SURFACE_STYLE_FILL_AREA(#2859);
#2859=FILL_AREA_STYLE('ABS (White)',(#2860));
#2860=FILL_AREA_STYLE_COLOUR('ABS (White)',#2861);
#2861=COLOUR_RGB('ABS (White)',0.964705882352941,0.964705882352941,0.952941176470588);
ENDSEC;
END-ISO-10303-21;
