ISO-10303-21;
HEADER;
/* Generated by software containing ST-Developer
 * from STEP Tools, Inc. (www.steptools.com) 
 */

FILE_DESCRIPTION(
/* description */ (''),
/* implementation_level */ '2;1');

FILE_NAME(
/* name */ 'Sensor Divider 3 cm.step',
/* time_stamp */ '2026-09-22T21:46:17-04:00',
/* author */ (''),
/* organization */ (''),
/* preprocessor_version */ 'ST-DEVELOPER v20.2',
/* originating_system */ 'Autodesk Translation Framework v15.15.0.0',
/* authorisation */ '');

FILE_SCHEMA (('AUTOMOTIVE_DESIGN { 1 0 10303 214 3 1 1 }'));
ENDSEC;

DATA;
#10=MECHANICAL_DESIGN_GEOMETRIC_PRESENTATION_REPRESENTATION('',(#13),#1612);
#11=SHAPE_REPRESENTATION_RELATIONSHIP('SRR','None',#1619,#12);
#12=ADVANCED_BREP_SHAPE_REPRESENTATION('',(#14),#1611);
#13=STYLED_ITEM('',(#1628),#14);
#14=MANIFOLD_SOLID_BREP('Body1',#584);
#15=CYLINDRICAL_SURFACE('',#612,2.);
#16=(
BOUNDED_SURFACE()
B_SPLINE_SURFACE(5,2,((#805,#806,#807,#808,#809,#810,#811,#812,#813),(#814,
#815,#816,#817,#818,#819,#820,#821,#822),(#823,#824,#825,#826,#827,#828,
#829,#830,#831),(#832,#833,#834,#835,#836,#837,#838,#839,#840),(#841,#842,
#843,#844,#845,#846,#847,#848,#849),(#850,#851,#852,#853,#854,#855,#856,
#857,#858),(#859,#860,#861,#862,#863,#864,#865,#866,#867),(#868,#869,#870,
#871,#872,#873,#874,#875,#876),(#877,#878,#879,#880,#881,#882,#883,#884,
#885),(#886,#887,#888,#889,#890,#891,#892,#893,#894),(#895,#896,#897,#898,
#899,#900,#901,#902,#903),(#904,#905,#906,#907,#908,#909,#910,#911,#912),
(#913,#914,#915,#916,#917,#918,#919,#920,#921),(#922,#923,#924,#925,#926,
#927,#928,#929,#930),(#931,#932,#933,#934,#935,#936,#937,#938,#939)),
 .UNSPECIFIED.,.F.,.T.,.F.)
B_SPLINE_SURFACE_WITH_KNOTS((6,1,1,1,1,1,1,1,1,1,6),(3,2,2,2,3),(0.,0.1,
0.2,0.3,0.4,0.5,0.6,0.7,0.8,0.9,1.),(0.,1.5707963267949,3.14159265358979,
4.71238898038469,6.28318530717959),.UNSPECIFIED.)
GEOMETRIC_REPRESENTATION_ITEM()
RATIONAL_B_SPLINE_SURFACE(((1.,0.707106781186548,1.,0.707106781186548,1.,
0.707106781186548,1.,0.707106781186548,1.),(1.,0.707106781186548,1.,0.707106781186548,
1.,0.707106781186548,1.,0.707106781186548,1.),(1.,0.707106781186548,1.,
0.707106781186548,1.,0.707106781186548,1.,0.707106781186548,1.),(1.,0.707106781186548,
1.,0.707106781186548,1.,0.707106781186548,1.,0.707106781186548,1.),(1.,
0.707106781186548,1.,0.707106781186548,1.,0.707106781186548,1.,0.707106781186548,
1.),(1.,0.707106781186548,1.,0.707106781186548,1.,0.707106781186548,1.,
0.707106781186548,1.),(1.,0.707106781186548,1.,0.707106781186548,1.,0.707106781186548,
1.,0.707106781186548,1.),(1.,0.707106781186548,1.,0.707106781186548,1.,
0.707106781186548,1.,0.707106781186548,1.),(1.,0.707106781186548,1.,0.707106781186548,
1.,0.707106781186548,1.,0.707106781186548,1.),(1.,0.707106781186548,1.,
0.707106781186548,1.,0.707106781186548,1.,0.707106781186548,1.),(1.,0.707106781186548,
1.,0.707106781186548,1.,0.707106781186548,1.,0.707106781186548,1.),(1.,
0.707106781186548,1.,0.707106781186548,1.,0.707106781186548,1.,0.707106781186548,
1.),(1.,0.707106781186548,1.,0.707106781186548,1.,0.707106781186548,1.,
0.707106781186548,1.),(1.,0.707106781186548,1.,0.707106781186548,1.,0.707106781186548,
1.,0.707106781186548,1.),(1.,0.707106781186548,1.,0.707106781186548,1.,
0.707106781186548,1.,0.707106781186548,1.)))
REPRESENTATION_ITEM('')
SURFACE()
);
#17=(
BOUNDED_SURFACE()
B_SPLINE_SURFACE(5,2,((#968,#969,#970,#971,#972,#973,#974,#975,#976,#977,
#978),(#979,#980,#981,#982,#983,#984,#985,#986,#987,#988,#989),(#990,#991,
#992,#993,#994,#995,#996,#997,#998,#999,#1000),(#1001,#1002,#1003,#1004,
#1005,#1006,#1007,#1008,#1009,#1010,#1011),(#1012,#1013,#1014,#1015,#1016,
#1017,#1018,#1019,#1020,#1021,#1022),(#1023,#1024,#1025,#1026,#1027,#1028,
#1029,#1030,#1031,#1032,#1033),(#1034,#1035,#1036,#1037,#1038,#1039,#1040,
#1041,#1042,#1043,#1044),(#1045,#1046,#1047,#1048,#1049,#1050,#1051,#1052,
#1053,#1054,#1055),(#1056,#1057,#1058,#1059,#1060,#1061,#1062,#1063,#1064,
#1065,#1066),(#1067,#1068,#1069,#1070,#1071,#1072,#1073,#1074,#1075,#1076,
#1077),(#1078,#1079,#1080,#1081,#1082,#1083,#1084,#1085,#1086,#1087,#1088),
(#1089,#1090,#1091,#1092,#1093,#1094,#1095,#1096,#1097,#1098,#1099),(#1100,
#1101,#1102,#1103,#1104,#1105,#1106,#1107,#1108,#1109,#1110),(#1111,#1112,
#1113,#1114,#1115,#1116,#1117,#1118,#1119,#1120,#1121),(#1122,#1123,#1124,
#1125,#1126,#1127,#1128,#1129,#1130,#1131,#1132)),.UNSPECIFIED.,.F.,.T.,
 .F.)
B_SPLINE_SURFACE_WITH_KNOTS((6,1,1,1,1,1,1,1,1,1,6),(3,2,2,2,2,3),(0.,0.1,
0.2,0.3,0.4,0.5,0.6,0.7,0.8,0.9,1.),(-0.294064418367272,0.,1.5707963267949,
3.14159265358979,4.71238898038469,5.98912088881231),.UNSPECIFIED.)
GEOMETRIC_REPRESENTATION_ITEM()
RATIONAL_B_SPLINE_SURFACE(((0.910866338072653,0.945168273846274,1.,0.707106781186548,
1.,0.707106781186548,1.,0.707106781186548,1.,0.761938507340273,0.910866338072653),
(0.910866338072653,0.945168273846274,1.,0.707106781186548,1.,0.707106781186548,
1.,0.707106781186548,1.,0.761938507340273,0.910866338072653),(0.910866338072653,
0.945168273846274,1.,0.707106781186548,1.,0.707106781186548,1.,0.707106781186548,
1.,0.761938507340273,0.910866338072653),(0.910866338072653,0.945168273846274,
1.,0.707106781186548,1.,0.707106781186548,1.,0.707106781186548,1.,0.761938507340273,
0.910866338072653),(0.910866338072653,0.945168273846274,1.,0.707106781186548,
1.,0.707106781186548,1.,0.707106781186548,1.,0.761938507340273,0.910866338072653),
(0.910866338072653,0.945168273846274,1.,0.707106781186548,1.,0.707106781186548,
1.,0.707106781186548,1.,0.761938507340273,0.910866338072653),(0.910866338072653,
0.945168273846274,1.,0.707106781186548,1.,0.707106781186548,1.,0.707106781186548,
1.,0.761938507340273,0.910866338072653),(0.910866338072653,0.945168273846274,
1.,0.707106781186548,1.,0.707106781186548,1.,0.707106781186548,1.,0.761938507340273,
0.910866338072653),(0.910866338072653,0.945168273846274,1.,0.707106781186548,
1.,0.707106781186548,1.,0.707106781186548,1.,0.761938507340273,0.910866338072653),
(0.910866338072653,0.945168273846274,1.,0.707106781186548,1.,0.707106781186548,
1.,0.707106781186548,1.,0.761938507340273,0.910866338072653),(0.910866338072653,
0.945168273846274,1.,0.707106781186548,1.,0.707106781186548,1.,0.707106781186548,
1.,0.761938507340273,0.910866338072653),(0.910866338072653,0.945168273846274,
1.,0.707106781186548,1.,0.707106781186548,1.,0.707106781186548,1.,0.761938507340273,
0.910866338072653),(0.910866338072653,0.945168273846274,1.,0.707106781186548,
1.,0.707106781186548,1.,0.707106781186548,1.,0.761938507340273,0.910866338072653),
(0.910866338072653,0.945168273846274,1.,0.707106781186548,1.,0.707106781186548,
1.,0.707106781186548,1.,0.761938507340273,0.910866338072653),(0.910866338072653,
0.945168273846274,1.,0.707106781186548,1.,0.707106781186548,1.,0.707106781186548,
1.,0.761938507340273,0.910866338072653)))
REPRESENTATION_ITEM('')
SURFACE()
);
#18=(
BOUNDED_SURFACE()
B_SPLINE_SURFACE(5,2,((#1181,#1182,#1183,#1184,#1185,#1186,#1187,#1188,
#1189),(#1190,#1191,#1192,#1193,#1194,#1195,#1196,#1197,#1198),(#1199,#1200,
#1201,#1202,#1203,#1204,#1205,#1206,#1207),(#1208,#1209,#1210,#1211,#1212,
#1213,#1214,#1215,#1216),(#1217,#1218,#1219,#1220,#1221,#1222,#1223,#1224,
#1225),(#1226,#1227,#1228,#1229,#1230,#1231,#1232,#1233,#1234),(#1235,#1236,
#1237,#1238,#1239,#1240,#1241,#1242,#1243),(#1244,#1245,#1246,#1247,#1248,
#1249,#1250,#1251,#1252),(#1253,#1254,#1255,#1256,#1257,#1258,#1259,#1260,
#1261),(#1262,#1263,#1264,#1265,#1266,#1267,#1268,#1269,#1270),(#1271,#1272,
#1273,#1274,#1275,#1276,#1277,#1278,#1279),(#1280,#1281,#1282,#1283,#1284,
#1285,#1286,#1287,#1288),(#1289,#1290,#1291,#1292,#1293,#1294,#1295,#1296,
#1297),(#1298,#1299,#1300,#1301,#1302,#1303,#1304,#1305,#1306),(#1307,#1308,
#1309,#1310,#1311,#1312,#1313,#1314,#1315)),.UNSPECIFIED.,.F.,.T.,.F.)
B_SPLINE_SURFACE_WITH_KNOTS((6,1,1,1,1,1,1,1,1,1,6),(3,2,2,2,3),(0.,0.1,
0.2,0.3,0.4,0.5,0.6,0.7,0.8,0.9,1.),(0.,1.5707963267949,3.14159265358979,
4.71238898038469,6.28318530717959),.UNSPECIFIED.)
GEOMETRIC_REPRESENTATION_ITEM()
RATIONAL_B_SPLINE_SURFACE(((1.,0.707106781186548,1.,0.707106781186548,1.,
0.707106781186548,1.,0.707106781186548,1.),(1.,0.707106781186548,1.,0.707106781186548,
1.,0.707106781186548,1.,0.707106781186548,1.),(1.,0.707106781186548,1.,
0.707106781186548,1.,0.707106781186548,1.,0.707106781186548,1.),(1.,0.707106781186548,
1.,0.707106781186548,1.,0.707106781186548,1.,0.707106781186548,1.),(1.,
0.707106781186548,1.,0.707106781186548,1.,0.707106781186548,1.,0.707106781186548,
1.),(1.,0.707106781186548,1.,0.707106781186548,1.,0.707106781186548,1.,
0.707106781186548,1.),(1.,0.707106781186548,1.,0.707106781186548,1.,0.707106781186548,
1.,0.707106781186548,1.),(1.,0.707106781186548,1.,0.707106781186548,1.,
0.707106781186548,1.,0.707106781186548,1.),(1.,0.707106781186548,1.,0.707106781186548,
1.,0.707106781186548,1.,0.707106781186548,1.),(1.,0.707106781186548,1.,
0.707106781186548,1.,0.707106781186548,1.,0.707106781186548,1.),(1.,0.707106781186548,
1.,0.707106781186548,1.,0.707106781186548,1.,0.707106781186548,1.),(1.,
0.707106781186548,1.,0.707106781186548,1.,0.707106781186548,1.,0.707106781186548,
1.),(1.,0.707106781186548,1.,0.707106781186548,1.,0.707106781186548,1.,
0.707106781186548,1.),(1.,0.707106781186548,1.,0.707106781186548,1.,0.707106781186548,
1.,0.707106781186548,1.),(1.,0.707106781186548,1.,0.707106781186548,1.,
0.707106781186548,1.,0.707106781186548,1.)))
REPRESENTATION_ITEM('')
SURFACE()
);
#19=(
BOUNDED_SURFACE()
B_SPLINE_SURFACE(5,2,((#1359,#1360,#1361,#1362,#1363,#1364,#1365,#1366,
#1367),(#1368,#1369,#1370,#1371,#1372,#1373,#1374,#1375,#1376),(#1377,#1378,
#1379,#1380,#1381,#1382,#1383,#1384,#1385),(#1386,#1387,#1388,#1389,#1390,
#1391,#1392,#1393,#1394),(#1395,#1396,#1397,#1398,#1399,#1400,#1401,#1402,
#1403),(#1404,#1405,#1406,#1407,#1408,#1409,#1410,#1411,#1412),(#1413,#1414,
#1415,#1416,#1417,#1418,#1419,#1420,#1421),(#1422,#1423,#1424,#1425,#1426,
#1427,#1428,#1429,#1430),(#1431,#1432,#1433,#1434,#1435,#1436,#1437,#1438,
#1439),(#1440,#1441,#1442,#1443,#1444,#1445,#1446,#1447,#1448),(#1449,#1450,
#1451,#1452,#1453,#1454,#1455,#1456,#1457),(#1458,#1459,#1460,#1461,#1462,
#1463,#1464,#1465,#1466),(#1467,#1468,#1469,#1470,#1471,#1472,#1473,#1474,
#1475),(#1476,#1477,#1478,#1479,#1480,#1481,#1482,#1483,#1484),(#1485,#1486,
#1487,#1488,#1489,#1490,#1491,#1492,#1493)),.UNSPECIFIED.,.F.,.T.,.F.)
B_SPLINE_SURFACE_WITH_KNOTS((6,1,1,1,1,1,1,1,1,1,6),(3,2,2,2,3),(0.,0.1,
0.2,0.3,0.4,0.5,0.6,0.7,0.8,0.9,1.),(0.,1.5707963267949,3.14159265358979,
4.71238898038469,6.28318530717959),.UNSPECIFIED.)
GEOMETRIC_REPRESENTATION_ITEM()
RATIONAL_B_SPLINE_SURFACE(((1.,0.707106781186548,1.,0.707106781186548,1.,
0.707106781186548,1.,0.707106781186548,1.),(1.,0.707106781186548,1.,0.707106781186548,
1.,0.707106781186548,1.,0.707106781186548,1.),(1.,0.707106781186548,1.,
0.707106781186548,1.,0.707106781186548,1.,0.707106781186548,1.),(1.,0.707106781186548,
1.,0.707106781186548,1.,0.707106781186548,1.,0.707106781186548,1.),(1.,
0.707106781186548,1.,0.707106781186548,1.,0.707106781186548,1.,0.707106781186548,
1.),(1.,0.707106781186548,1.,0.707106781186548,1.,0.707106781186548,1.,
0.707106781186548,1.),(1.,0.707106781186548,1.,0.707106781186548,1.,0.707106781186548,
1.,0.707106781186548,1.),(1.,0.707106781186548,1.,0.707106781186548,1.,
0.707106781186548,1.,0.707106781186548,1.),(1.,0.707106781186548,1.,0.707106781186548,
1.,0.707106781186548,1.,0.707106781186548,1.),(1.,0.707106781186548,1.,
0.707106781186548,1.,0.707106781186548,1.,0.707106781186548,1.),(1.,0.707106781186548,
1.,0.707106781186548,1.,0.707106781186548,1.,0.707106781186548,1.),(1.,
0.707106781186548,1.,0.707106781186548,1.,0.707106781186548,1.,0.707106781186548,
1.),(1.,0.707106781186548,1.,0.707106781186548,1.,0.707106781186548,1.,
0.707106781186548,1.),(1.,0.707106781186548,1.,0.707106781186548,1.,0.707106781186548,
1.,0.707106781186548,1.),(1.,0.707106781186548,1.,0.707106781186548,1.,
0.707106781186548,1.,0.707106781186548,1.)))
REPRESENTATION_ITEM('')
SURFACE()
);
#20=B_SPLINE_CURVE_WITH_KNOTS('',3,(#771,#772,#773,#774,#775,#776,#777,
#778),.UNSPECIFIED.,.F.,.F.,(4,2,2,4),(-0.3526142366549,-0.294211470948011,
-0.222058935997643,-0.152447208558012),.UNSPECIFIED.);
#21=B_SPLINE_CURVE_WITH_KNOTS('',3,(#786,#787,#788,#789,#790,#791),
 .UNSPECIFIED.,.F.,.F.,(4,2,4),(-0.165846707022565,-0.138574994253976,-0.0500991593607488),
 .UNSPECIFIED.);
#22=B_SPLINE_CURVE_WITH_KNOTS('',3,(#799,#800,#801,#802,#803,#804),
 .UNSPECIFIED.,.F.,.F.,(4,2,4),(-0.45490855416838,-0.382330524534872,-0.339220763626482),
 .UNSPECIFIED.);
#23=B_SPLINE_CURVE_WITH_KNOTS('',3,(#941,#942,#943,#944,#945,#946,#947,
#948,#949,#950),.UNSPECIFIED.,.F.,.F.,(4,2,2,2,4),(0.0267171497721335,0.387799485493916,
0.67025479646731,1.01803445434102,1.68579299412781),.UNSPECIFIED.);
#24=B_SPLINE_CURVE_WITH_KNOTS('',3,(#952,#953,#954,#955,#956,#957),
 .UNSPECIFIED.,.F.,.F.,(4,2,4),(7.56830147633754,7.58981192427739,7.76887125252429),
 .UNSPECIFIED.);
#25=B_SPLINE_CURVE_WITH_KNOTS('',3,(#958,#959,#960,#961,#962,#963,#964,
#965,#966,#967),.UNSPECIFIED.,.F.,.F.,(4,2,2,2,4),(0.0488668977068917,0.717222263742586,
1.0328578321062,1.29150168119285,1.50443501624196),.UNSPECIFIED.);
#26=B_SPLINE_CURVE_WITH_KNOTS('',3,(#1135,#1136,#1137,#1138,#1139,#1140),
 .UNSPECIFIED.,.F.,.F.,(4,2,4),(-0.252531057588721,-0.222058935997656,-0.152447208558012),
 .UNSPECIFIED.);
#27=B_SPLINE_CURVE_WITH_KNOTS('',3,(#1142,#1143,#1144,#1145,#1146,#1147,
#1148,#1149,#1150,#1151),.UNSPECIFIED.,.F.,.F.,(4,2,2,2,4),(0.0267205447517001,
0.38667856837001,0.670251207300462,0.981678658411563,1.51859193481159),
 .UNSPECIFIED.);
#28=B_SPLINE_CURVE_WITH_KNOTS('',3,(#1153,#1154,#1155,#1156),
 .UNSPECIFIED.,.F.,.F.,(4,4),(0.603571469181337,0.7038417953529),
 .UNSPECIFIED.);
#29=B_SPLINE_CURVE_WITH_KNOTS('',3,(#1158,#1159,#1160,#1161,#1162,#1163),
 .UNSPECIFIED.,.F.,.F.,(4,2,4),(0.50339484221712,0.583831686482877,0.603571469181337),
 .UNSPECIFIED.);
#30=B_SPLINE_CURVE_WITH_KNOTS('',3,(#1165,#1166,#1167,#1168,#1169,#1170,
#1171,#1172,#1173,#1174),.UNSPECIFIED.,.F.,.F.,(4,2,2,2,4),(0.0488214269211087,
0.712744729205097,1.02231236701616,1.27565932921205,1.48296670247558),
 .UNSPECIFIED.);
#31=B_SPLINE_CURVE_WITH_KNOTS('',3,(#1175,#1176,#1177,#1178,#1179,#1180),
 .UNSPECIFIED.,.F.,.F.,(4,2,4),(-0.352614236654962,-0.294211470948058,-0.252531057588721),
 .UNSPECIFIED.);
#32=B_SPLINE_CURVE_WITH_KNOTS('',3,(#1318,#1319,#1320,#1321,#1322,#1323),
 .UNSPECIFIED.,.F.,.F.,(4,2,4),(-0.454908554168447,-0.382330524534887,-0.339220763626461),
 .UNSPECIFIED.);
#33=B_SPLINE_CURVE_WITH_KNOTS('',3,(#1325,#1326,#1327,#1328,#1329,#1330,
#1331,#1332,#1333,#1334),.UNSPECIFIED.,.F.,.F.,(4,2,2,2,4),(0.0267171497721337,
0.387799485493926,0.670254796467263,1.01803445434083,1.68579299412735),
 .UNSPECIFIED.);
#34=B_SPLINE_CURVE_WITH_KNOTS('',3,(#1336,#1337,#1338,#1339,#1340,#1341),
 .UNSPECIFIED.,.F.,.F.,(4,2,4),(2.85837389750974,2.91915843241438,3.05884544048064),
 .UNSPECIFIED.);
#35=B_SPLINE_CURVE_WITH_KNOTS('',3,(#1343,#1344,#1345,#1346,#1347,#1348,
#1349,#1350,#1351,#1352),.UNSPECIFIED.,.F.,.F.,(4,2,2,2,4),(0.0488668977068935,
0.717222263742754,1.03285783210708,1.29150168119443,1.5044350162436),
 .UNSPECIFIED.);
#36=B_SPLINE_CURVE_WITH_KNOTS('',3,(#1353,#1354,#1355,#1356,#1357,#1358),
 .UNSPECIFIED.,.F.,.F.,(4,2,4),(-0.165846707022598,-0.138574994253995,-0.0500991593607486),
 .UNSPECIFIED.);
#37=B_SPLINE_CURVE_WITH_KNOTS('',3,(#1495,#1496,#1497,#1498,#1499,#1500,
#1501,#1502,#1503,#1504),.UNSPECIFIED.,.F.,.F.,(4,2,2,2,4),(0.0267205447517001,
0.38667856837001,0.670251207300464,0.981678658411572,1.51859193481117),
 .UNSPECIFIED.);
#38=B_SPLINE_CURVE_WITH_KNOTS('',3,(#1506,#1507,#1508,#1509,#1510,#1511),
 .UNSPECIFIED.,.F.,.F.,(4,2,4),(5.21334306520301,5.25448517834589,5.41385554088919),
 .UNSPECIFIED.);
#39=B_SPLINE_CURVE_WITH_KNOTS('',3,(#1512,#1513,#1514,#1515,#1516,#1517,
#1518,#1519,#1520,#1521),.UNSPECIFIED.,.F.,.F.,(4,2,2,2,4),(0.0488214269211087,
0.712744729205098,1.02231236701575,1.27565932921073,1.48296670247328),
 .UNSPECIFIED.);
#40=FACE_BOUND('',#74,.T.);
#41=FACE_BOUND('',#103,.T.);
#42=CIRCLE('',#599,2.);
#43=CIRCLE('',#613,2.);
#44=FACE_OUTER_BOUND('',#73,.T.);
#45=FACE_OUTER_BOUND('',#75,.T.);
#46=FACE_OUTER_BOUND('',#76,.T.);
#47=FACE_OUTER_BOUND('',#77,.T.);
#48=FACE_OUTER_BOUND('',#78,.T.);
#49=FACE_OUTER_BOUND('',#79,.T.);
#50=FACE_OUTER_BOUND('',#80,.T.);
#51=FACE_OUTER_BOUND('',#81,.T.);
#52=FACE_OUTER_BOUND('',#82,.T.);
#53=FACE_OUTER_BOUND('',#83,.T.);
#54=FACE_OUTER_BOUND('',#84,.T.);
#55=FACE_OUTER_BOUND('',#85,.T.);
#56=FACE_OUTER_BOUND('',#86,.T.);
#57=FACE_OUTER_BOUND('',#87,.T.);
#58=FACE_OUTER_BOUND('',#88,.T.);
#59=FACE_OUTER_BOUND('',#89,.T.);
#60=FACE_OUTER_BOUND('',#90,.T.);
#61=FACE_OUTER_BOUND('',#91,.T.);
#62=FACE_OUTER_BOUND('',#92,.T.);
#63=FACE_OUTER_BOUND('',#93,.T.);
#64=FACE_OUTER_BOUND('',#94,.T.);
#65=FACE_OUTER_BOUND('',#95,.T.);
#66=FACE_OUTER_BOUND('',#96,.T.);
#67=FACE_OUTER_BOUND('',#97,.T.);
#68=FACE_OUTER_BOUND('',#98,.T.);
#69=FACE_OUTER_BOUND('',#99,.T.);
#70=FACE_OUTER_BOUND('',#100,.T.);
#71=FACE_OUTER_BOUND('',#101,.T.);
#72=FACE_OUTER_BOUND('',#102,.T.);
#73=EDGE_LOOP('',(#365,#366,#367,#368,#369,#370));
#74=EDGE_LOOP('',(#371));
#75=EDGE_LOOP('',(#372,#373,#374,#375,#376,#377,#378,#379));
#76=EDGE_LOOP('',(#380,#381,#382,#383,#384,#385));
#77=EDGE_LOOP('',(#386,#387,#388,#389,#390,#391));
#78=EDGE_LOOP('',(#392,#393,#394,#395,#396));
#79=EDGE_LOOP('',(#397,#398,#399,#400,#401,#402));
#80=EDGE_LOOP('',(#403,#404,#405,#406,#407));
#81=EDGE_LOOP('',(#408,#409,#410,#411));
#82=EDGE_LOOP('',(#412,#413,#414,#415,#416));
#83=EDGE_LOOP('',(#417,#418,#419,#420,#421));
#84=EDGE_LOOP('',(#422,#423,#424,#425,#426,#427));
#85=EDGE_LOOP('',(#428,#429,#430,#431,#432));
#86=EDGE_LOOP('',(#433,#434,#435,#436,#437));
#87=EDGE_LOOP('',(#438,#439,#440,#441));
#88=EDGE_LOOP('',(#442,#443,#444,#445));
#89=EDGE_LOOP('',(#446,#447,#448,#449,#450));
#90=EDGE_LOOP('',(#451,#452,#453,#454));
#91=EDGE_LOOP('',(#455,#456,#457,#458));
#92=EDGE_LOOP('',(#459,#460,#461,#462));
#93=EDGE_LOOP('',(#463,#464,#465,#466));
#94=EDGE_LOOP('',(#467,#468,#469,#470,#471,#472));
#95=EDGE_LOOP('',(#473,#474,#475,#476,#477,#478,#479,#480,#481));
#96=EDGE_LOOP('',(#482,#483,#484,#485,#486));
#97=EDGE_LOOP('',(#487,#488,#489,#490));
#98=EDGE_LOOP('',(#491,#492,#493,#494,#495));
#99=EDGE_LOOP('',(#496,#497,#498,#499,#500));
#100=EDGE_LOOP('',(#501,#502,#503,#504));
#101=EDGE_LOOP('',(#505,#506,#507,#508,#509));
#102=EDGE_LOOP('',(#510,#511,#512,#513,#514,#515,#516,#517,#518,#519,#520,
#521,#522,#523,#524,#525,#526,#527,#528,#529));
#103=EDGE_LOOP('',(#530));
#104=LINE('',#746,#165);
#105=LINE('',#748,#166);
#106=LINE('',#750,#167);
#107=LINE('',#752,#168);
#108=LINE('',#754,#169);
#109=LINE('',#755,#170);
#110=LINE('',#761,#171);
#111=LINE('',#763,#172);
#112=LINE('',#764,#173);
#113=LINE('',#766,#174);
#114=LINE('',#768,#175);
#115=LINE('',#770,#176);
#116=LINE('',#782,#177);
#117=LINE('',#783,#178);
#118=LINE('',#785,#179);
#119=LINE('',#794,#180);
#120=LINE('',#796,#181);
#121=LINE('',#798,#182);
#122=LINE('',#1524,#183);
#123=LINE('',#1526,#184);
#124=LINE('',#1528,#185);
#125=LINE('',#1529,#186);
#126=LINE('',#1532,#187);
#127=LINE('',#1534,#188);
#128=LINE('',#1536,#189);
#129=LINE('',#1537,#190);
#130=LINE('',#1539,#191);
#131=LINE('',#1540,#192);
#132=LINE('',#1543,#193);
#133=LINE('',#1545,#194);
#134=LINE('',#1546,#195);
#135=LINE('',#1549,#196);
#136=LINE('',#1551,#197);
#137=LINE('',#1552,#198);
#138=LINE('',#1554,#199);
#139=LINE('',#1557,#200);
#140=LINE('',#1559,#201);
#141=LINE('',#1560,#202);
#142=LINE('',#1563,#203);
#143=LINE('',#1565,#204);
#144=LINE('',#1566,#205);
#145=LINE('',#1568,#206);
#146=LINE('',#1572,#207);
#147=LINE('',#1574,#208);
#148=LINE('',#1576,#209);
#149=LINE('',#1579,#210);
#150=LINE('',#1580,#211);
#151=LINE('',#1583,#212);
#152=LINE('',#1584,#213);
#153=LINE('',#1586,#214);
#154=LINE('',#1587,#215);
#155=LINE('',#1590,#216);
#156=LINE('',#1591,#217);
#157=LINE('',#1594,#218);
#158=LINE('',#1595,#219);
#159=LINE('',#1597,#220);
#160=LINE('',#1600,#221);
#161=LINE('',#1601,#222);
#162=LINE('',#1604,#223);
#163=LINE('',#1605,#224);
#164=LINE('',#1607,#225);
#165=VECTOR('',#629,10.);
#166=VECTOR('',#630,10.);
#167=VECTOR('',#631,10.);
#168=VECTOR('',#632,10.);
#169=VECTOR('',#633,10.);
#170=VECTOR('',#634,10.);
#171=VECTOR('',#639,10.);
#172=VECTOR('',#640,10.);
#173=VECTOR('',#641,10.);
#174=VECTOR('',#642,10.);
#175=VECTOR('',#643,10.);
#176=VECTOR('',#644,10.);
#177=VECTOR('',#647,10.);
#178=VECTOR('',#648,10.);
#179=VECTOR('',#649,10.);
#180=VECTOR('',#652,10.);
#181=VECTOR('',#653,10.);
#182=VECTOR('',#654,10.);
#183=VECTOR('',#657,10.);
#184=VECTOR('',#658,10.);
#185=VECTOR('',#659,10.);
#186=VECTOR('',#660,10.);
#187=VECTOR('',#663,10.);
#188=VECTOR('',#664,10.);
#189=VECTOR('',#665,10.);
#190=VECTOR('',#666,10.);
#191=VECTOR('',#669,10.);
#192=VECTOR('',#670,10.);
#193=VECTOR('',#673,10.);
#194=VECTOR('',#674,10.);
#195=VECTOR('',#675,10.);
#196=VECTOR('',#678,10.);
#197=VECTOR('',#679,10.);
#198=VECTOR('',#680,10.);
#199=VECTOR('',#683,10.);
#200=VECTOR('',#686,10.);
#201=VECTOR('',#687,10.);
#202=VECTOR('',#688,10.);
#203=VECTOR('',#691,10.);
#204=VECTOR('',#692,10.);
#205=VECTOR('',#693,10.);
#206=VECTOR('',#696,10.);
#207=VECTOR('',#701,2.);
#208=VECTOR('',#704,10.);
#209=VECTOR('',#707,10.);
#210=VECTOR('',#710,10.);
#211=VECTOR('',#711,10.);
#212=VECTOR('',#714,10.);
#213=VECTOR('',#715,10.);
#214=VECTOR('',#716,10.);
#215=VECTOR('',#717,10.);
#216=VECTOR('',#720,10.);
#217=VECTOR('',#721,10.);
#218=VECTOR('',#724,10.);
#219=VECTOR('',#725,10.);
#220=VECTOR('',#728,10.);
#221=VECTOR('',#731,10.);
#222=VECTOR('',#732,10.);
#223=VECTOR('',#735,10.);
#224=VECTOR('',#736,10.);
#225=VECTOR('',#739,10.);
#226=VERTEX_POINT('',#744);
#227=VERTEX_POINT('',#745);
#228=VERTEX_POINT('',#747);
#229=VERTEX_POINT('',#749);
#230=VERTEX_POINT('',#751);
#231=VERTEX_POINT('',#753);
#232=VERTEX_POINT('',#756);
#233=VERTEX_POINT('',#759);
#234=VERTEX_POINT('',#760);
#235=VERTEX_POINT('',#762);
#236=VERTEX_POINT('',#765);
#237=VERTEX_POINT('',#767);
#238=VERTEX_POINT('',#769);
#239=VERTEX_POINT('',#780);
#240=VERTEX_POINT('',#781);
#241=VERTEX_POINT('',#784);
#242=VERTEX_POINT('',#793);
#243=VERTEX_POINT('',#795);
#244=VERTEX_POINT('',#797);
#245=VERTEX_POINT('',#940);
#246=VERTEX_POINT('',#951);
#247=VERTEX_POINT('',#1133);
#248=VERTEX_POINT('',#1134);
#249=VERTEX_POINT('',#1141);
#250=VERTEX_POINT('',#1152);
#251=VERTEX_POINT('',#1157);
#252=VERTEX_POINT('',#1164);
#253=VERTEX_POINT('',#1316);
#254=VERTEX_POINT('',#1317);
#255=VERTEX_POINT('',#1324);
#256=VERTEX_POINT('',#1335);
#257=VERTEX_POINT('',#1342);
#258=VERTEX_POINT('',#1494);
#259=VERTEX_POINT('',#1505);
#260=VERTEX_POINT('',#1523);
#261=VERTEX_POINT('',#1525);
#262=VERTEX_POINT('',#1527);
#263=VERTEX_POINT('',#1531);
#264=VERTEX_POINT('',#1533);
#265=VERTEX_POINT('',#1535);
#266=VERTEX_POINT('',#1542);
#267=VERTEX_POINT('',#1544);
#268=VERTEX_POINT('',#1548);
#269=VERTEX_POINT('',#1550);
#270=VERTEX_POINT('',#1556);
#271=VERTEX_POINT('',#1558);
#272=VERTEX_POINT('',#1562);
#273=VERTEX_POINT('',#1564);
#274=VERTEX_POINT('',#1570);
#275=VERTEX_POINT('',#1578);
#276=VERTEX_POINT('',#1582);
#277=VERTEX_POINT('',#1585);
#278=VERTEX_POINT('',#1589);
#279=VERTEX_POINT('',#1593);
#280=VERTEX_POINT('',#1599);
#281=VERTEX_POINT('',#1603);
#282=EDGE_CURVE('',#226,#227,#104,.T.);
#283=EDGE_CURVE('',#226,#228,#105,.T.);
#284=EDGE_CURVE('',#229,#228,#106,.T.);
#285=EDGE_CURVE('',#229,#230,#107,.T.);
#286=EDGE_CURVE('',#231,#230,#108,.T.);
#287=EDGE_CURVE('',#231,#227,#109,.T.);
#288=EDGE_CURVE('',#232,#232,#42,.T.);
#289=EDGE_CURVE('',#233,#234,#110,.T.);
#290=EDGE_CURVE('',#235,#234,#111,.T.);
#291=EDGE_CURVE('',#229,#235,#112,.T.);
#292=EDGE_CURVE('',#228,#236,#113,.T.);
#293=EDGE_CURVE('',#237,#236,#114,.T.);
#294=EDGE_CURVE('',#238,#237,#115,.T.);
#295=EDGE_CURVE('',#233,#238,#20,.T.);
#296=EDGE_CURVE('',#239,#240,#116,.T.);
#297=EDGE_CURVE('',#236,#240,#117,.T.);
#298=EDGE_CURVE('',#226,#241,#118,.T.);
#299=EDGE_CURVE('',#239,#241,#21,.T.);
#300=EDGE_CURVE('',#227,#242,#119,.T.);
#301=EDGE_CURVE('',#243,#242,#120,.T.);
#302=EDGE_CURVE('',#244,#243,#121,.T.);
#303=EDGE_CURVE('',#241,#244,#22,.T.);
#304=EDGE_CURVE('',#245,#244,#23,.T.);
#305=EDGE_CURVE('',#246,#245,#24,.T.);
#306=EDGE_CURVE('',#239,#246,#25,.T.);
#307=EDGE_CURVE('',#247,#248,#26,.T.);
#308=EDGE_CURVE('',#249,#248,#27,.T.);
#309=EDGE_CURVE('',#250,#249,#28,.T.);
#310=EDGE_CURVE('',#251,#250,#29,.T.);
#311=EDGE_CURVE('',#252,#251,#30,.T.);
#312=EDGE_CURVE('',#252,#247,#31,.T.);
#313=EDGE_CURVE('',#253,#254,#32,.T.);
#314=EDGE_CURVE('',#255,#254,#33,.T.);
#315=EDGE_CURVE('',#256,#255,#34,.T.);
#316=EDGE_CURVE('',#257,#256,#35,.T.);
#317=EDGE_CURVE('',#257,#253,#36,.T.);
#318=EDGE_CURVE('',#258,#238,#37,.T.);
#319=EDGE_CURVE('',#259,#258,#38,.T.);
#320=EDGE_CURVE('',#233,#259,#39,.T.);
#321=EDGE_CURVE('',#256,#260,#122,.T.);
#322=EDGE_CURVE('',#260,#261,#123,.T.);
#323=EDGE_CURVE('',#262,#261,#124,.T.);
#324=EDGE_CURVE('',#257,#262,#125,.T.);
#325=EDGE_CURVE('',#254,#263,#126,.T.);
#326=EDGE_CURVE('',#264,#263,#127,.T.);
#327=EDGE_CURVE('',#265,#264,#128,.T.);
#328=EDGE_CURVE('',#265,#255,#129,.T.);
#329=EDGE_CURVE('',#263,#235,#130,.T.);
#330=EDGE_CURVE('',#230,#253,#131,.T.);
#331=EDGE_CURVE('',#266,#259,#132,.T.);
#332=EDGE_CURVE('',#266,#267,#133,.T.);
#333=EDGE_CURVE('',#234,#267,#134,.T.);
#334=EDGE_CURVE('',#268,#237,#135,.T.);
#335=EDGE_CURVE('',#269,#268,#136,.T.);
#336=EDGE_CURVE('',#258,#269,#137,.T.);
#337=EDGE_CURVE('',#269,#266,#138,.T.);
#338=EDGE_CURVE('',#270,#245,#139,.T.);
#339=EDGE_CURVE('',#271,#270,#140,.T.);
#340=EDGE_CURVE('',#246,#271,#141,.T.);
#341=EDGE_CURVE('',#249,#272,#142,.T.);
#342=EDGE_CURVE('',#272,#273,#143,.T.);
#343=EDGE_CURVE('',#273,#251,#144,.T.);
#344=EDGE_CURVE('',#260,#265,#145,.T.);
#345=EDGE_CURVE('',#274,#274,#43,.T.);
#346=EDGE_CURVE('',#274,#232,#146,.T.);
#347=EDGE_CURVE('',#267,#268,#147,.T.);
#348=EDGE_CURVE('',#261,#264,#148,.T.);
#349=EDGE_CURVE('',#275,#262,#149,.T.);
#350=EDGE_CURVE('',#231,#275,#150,.T.);
#351=EDGE_CURVE('',#276,#275,#151,.T.);
#352=EDGE_CURVE('',#248,#276,#152,.T.);
#353=EDGE_CURVE('',#252,#277,#153,.T.);
#354=EDGE_CURVE('',#242,#277,#154,.T.);
#355=EDGE_CURVE('',#278,#276,#155,.T.);
#356=EDGE_CURVE('',#272,#278,#156,.T.);
#357=EDGE_CURVE('',#279,#278,#157,.T.);
#358=EDGE_CURVE('',#273,#279,#158,.T.);
#359=EDGE_CURVE('',#277,#279,#159,.T.);
#360=EDGE_CURVE('',#280,#243,#160,.T.);
#361=EDGE_CURVE('',#270,#280,#161,.T.);
#362=EDGE_CURVE('',#281,#280,#162,.T.);
#363=EDGE_CURVE('',#271,#281,#163,.T.);
#364=EDGE_CURVE('',#240,#281,#164,.T.);
#365=ORIENTED_EDGE('',*,*,#282,.F.);
#366=ORIENTED_EDGE('',*,*,#283,.T.);
#367=ORIENTED_EDGE('',*,*,#284,.F.);
#368=ORIENTED_EDGE('',*,*,#285,.T.);
#369=ORIENTED_EDGE('',*,*,#286,.F.);
#370=ORIENTED_EDGE('',*,*,#287,.T.);
#371=ORIENTED_EDGE('',*,*,#288,.T.);
#372=ORIENTED_EDGE('',*,*,#289,.T.);
#373=ORIENTED_EDGE('',*,*,#290,.F.);
#374=ORIENTED_EDGE('',*,*,#291,.F.);
#375=ORIENTED_EDGE('',*,*,#284,.T.);
#376=ORIENTED_EDGE('',*,*,#292,.T.);
#377=ORIENTED_EDGE('',*,*,#293,.F.);
#378=ORIENTED_EDGE('',*,*,#294,.F.);
#379=ORIENTED_EDGE('',*,*,#295,.F.);
#380=ORIENTED_EDGE('',*,*,#296,.T.);
#381=ORIENTED_EDGE('',*,*,#297,.F.);
#382=ORIENTED_EDGE('',*,*,#292,.F.);
#383=ORIENTED_EDGE('',*,*,#283,.F.);
#384=ORIENTED_EDGE('',*,*,#298,.T.);
#385=ORIENTED_EDGE('',*,*,#299,.F.);
#386=ORIENTED_EDGE('',*,*,#300,.T.);
#387=ORIENTED_EDGE('',*,*,#301,.F.);
#388=ORIENTED_EDGE('',*,*,#302,.F.);
#389=ORIENTED_EDGE('',*,*,#303,.F.);
#390=ORIENTED_EDGE('',*,*,#298,.F.);
#391=ORIENTED_EDGE('',*,*,#282,.T.);
#392=ORIENTED_EDGE('',*,*,#299,.T.);
#393=ORIENTED_EDGE('',*,*,#303,.T.);
#394=ORIENTED_EDGE('',*,*,#304,.F.);
#395=ORIENTED_EDGE('',*,*,#305,.F.);
#396=ORIENTED_EDGE('',*,*,#306,.F.);
#397=ORIENTED_EDGE('',*,*,#307,.T.);
#398=ORIENTED_EDGE('',*,*,#308,.F.);
#399=ORIENTED_EDGE('',*,*,#309,.F.);
#400=ORIENTED_EDGE('',*,*,#310,.F.);
#401=ORIENTED_EDGE('',*,*,#311,.F.);
#402=ORIENTED_EDGE('',*,*,#312,.T.);
#403=ORIENTED_EDGE('',*,*,#313,.T.);
#404=ORIENTED_EDGE('',*,*,#314,.F.);
#405=ORIENTED_EDGE('',*,*,#315,.F.);
#406=ORIENTED_EDGE('',*,*,#316,.F.);
#407=ORIENTED_EDGE('',*,*,#317,.T.);
#408=ORIENTED_EDGE('',*,*,#295,.T.);
#409=ORIENTED_EDGE('',*,*,#318,.F.);
#410=ORIENTED_EDGE('',*,*,#319,.F.);
#411=ORIENTED_EDGE('',*,*,#320,.F.);
#412=ORIENTED_EDGE('',*,*,#316,.T.);
#413=ORIENTED_EDGE('',*,*,#321,.T.);
#414=ORIENTED_EDGE('',*,*,#322,.T.);
#415=ORIENTED_EDGE('',*,*,#323,.F.);
#416=ORIENTED_EDGE('',*,*,#324,.F.);
#417=ORIENTED_EDGE('',*,*,#314,.T.);
#418=ORIENTED_EDGE('',*,*,#325,.T.);
#419=ORIENTED_EDGE('',*,*,#326,.F.);
#420=ORIENTED_EDGE('',*,*,#327,.F.);
#421=ORIENTED_EDGE('',*,*,#328,.T.);
#422=ORIENTED_EDGE('',*,*,#291,.T.);
#423=ORIENTED_EDGE('',*,*,#329,.F.);
#424=ORIENTED_EDGE('',*,*,#325,.F.);
#425=ORIENTED_EDGE('',*,*,#313,.F.);
#426=ORIENTED_EDGE('',*,*,#330,.F.);
#427=ORIENTED_EDGE('',*,*,#285,.F.);
#428=ORIENTED_EDGE('',*,*,#320,.T.);
#429=ORIENTED_EDGE('',*,*,#331,.F.);
#430=ORIENTED_EDGE('',*,*,#332,.T.);
#431=ORIENTED_EDGE('',*,*,#333,.F.);
#432=ORIENTED_EDGE('',*,*,#289,.F.);
#433=ORIENTED_EDGE('',*,*,#318,.T.);
#434=ORIENTED_EDGE('',*,*,#294,.T.);
#435=ORIENTED_EDGE('',*,*,#334,.F.);
#436=ORIENTED_EDGE('',*,*,#335,.F.);
#437=ORIENTED_EDGE('',*,*,#336,.F.);
#438=ORIENTED_EDGE('',*,*,#319,.T.);
#439=ORIENTED_EDGE('',*,*,#336,.T.);
#440=ORIENTED_EDGE('',*,*,#337,.T.);
#441=ORIENTED_EDGE('',*,*,#331,.T.);
#442=ORIENTED_EDGE('',*,*,#305,.T.);
#443=ORIENTED_EDGE('',*,*,#338,.F.);
#444=ORIENTED_EDGE('',*,*,#339,.F.);
#445=ORIENTED_EDGE('',*,*,#340,.F.);
#446=ORIENTED_EDGE('',*,*,#309,.T.);
#447=ORIENTED_EDGE('',*,*,#341,.T.);
#448=ORIENTED_EDGE('',*,*,#342,.T.);
#449=ORIENTED_EDGE('',*,*,#343,.T.);
#450=ORIENTED_EDGE('',*,*,#310,.T.);
#451=ORIENTED_EDGE('',*,*,#315,.T.);
#452=ORIENTED_EDGE('',*,*,#328,.F.);
#453=ORIENTED_EDGE('',*,*,#344,.F.);
#454=ORIENTED_EDGE('',*,*,#321,.F.);
#455=ORIENTED_EDGE('',*,*,#345,.F.);
#456=ORIENTED_EDGE('',*,*,#346,.T.);
#457=ORIENTED_EDGE('',*,*,#288,.F.);
#458=ORIENTED_EDGE('',*,*,#346,.F.);
#459=ORIENTED_EDGE('',*,*,#337,.F.);
#460=ORIENTED_EDGE('',*,*,#335,.T.);
#461=ORIENTED_EDGE('',*,*,#347,.F.);
#462=ORIENTED_EDGE('',*,*,#332,.F.);
#463=ORIENTED_EDGE('',*,*,#344,.T.);
#464=ORIENTED_EDGE('',*,*,#327,.T.);
#465=ORIENTED_EDGE('',*,*,#348,.F.);
#466=ORIENTED_EDGE('',*,*,#322,.F.);
#467=ORIENTED_EDGE('',*,*,#324,.T.);
#468=ORIENTED_EDGE('',*,*,#349,.F.);
#469=ORIENTED_EDGE('',*,*,#350,.F.);
#470=ORIENTED_EDGE('',*,*,#286,.T.);
#471=ORIENTED_EDGE('',*,*,#330,.T.);
#472=ORIENTED_EDGE('',*,*,#317,.F.);
#473=ORIENTED_EDGE('',*,*,#350,.T.);
#474=ORIENTED_EDGE('',*,*,#351,.F.);
#475=ORIENTED_EDGE('',*,*,#352,.F.);
#476=ORIENTED_EDGE('',*,*,#307,.F.);
#477=ORIENTED_EDGE('',*,*,#312,.F.);
#478=ORIENTED_EDGE('',*,*,#353,.T.);
#479=ORIENTED_EDGE('',*,*,#354,.F.);
#480=ORIENTED_EDGE('',*,*,#300,.F.);
#481=ORIENTED_EDGE('',*,*,#287,.F.);
#482=ORIENTED_EDGE('',*,*,#308,.T.);
#483=ORIENTED_EDGE('',*,*,#352,.T.);
#484=ORIENTED_EDGE('',*,*,#355,.F.);
#485=ORIENTED_EDGE('',*,*,#356,.F.);
#486=ORIENTED_EDGE('',*,*,#341,.F.);
#487=ORIENTED_EDGE('',*,*,#342,.F.);
#488=ORIENTED_EDGE('',*,*,#356,.T.);
#489=ORIENTED_EDGE('',*,*,#357,.F.);
#490=ORIENTED_EDGE('',*,*,#358,.F.);
#491=ORIENTED_EDGE('',*,*,#311,.T.);
#492=ORIENTED_EDGE('',*,*,#343,.F.);
#493=ORIENTED_EDGE('',*,*,#358,.T.);
#494=ORIENTED_EDGE('',*,*,#359,.F.);
#495=ORIENTED_EDGE('',*,*,#353,.F.);
#496=ORIENTED_EDGE('',*,*,#304,.T.);
#497=ORIENTED_EDGE('',*,*,#302,.T.);
#498=ORIENTED_EDGE('',*,*,#360,.F.);
#499=ORIENTED_EDGE('',*,*,#361,.F.);
#500=ORIENTED_EDGE('',*,*,#338,.T.);
#501=ORIENTED_EDGE('',*,*,#339,.T.);
#502=ORIENTED_EDGE('',*,*,#361,.T.);
#503=ORIENTED_EDGE('',*,*,#362,.F.);
#504=ORIENTED_EDGE('',*,*,#363,.F.);
#505=ORIENTED_EDGE('',*,*,#306,.T.);
#506=ORIENTED_EDGE('',*,*,#340,.T.);
#507=ORIENTED_EDGE('',*,*,#363,.T.);
#508=ORIENTED_EDGE('',*,*,#364,.F.);
#509=ORIENTED_EDGE('',*,*,#296,.F.);
#510=ORIENTED_EDGE('',*,*,#293,.T.);
#511=ORIENTED_EDGE('',*,*,#297,.T.);
#512=ORIENTED_EDGE('',*,*,#364,.T.);
#513=ORIENTED_EDGE('',*,*,#362,.T.);
#514=ORIENTED_EDGE('',*,*,#360,.T.);
#515=ORIENTED_EDGE('',*,*,#301,.T.);
#516=ORIENTED_EDGE('',*,*,#354,.T.);
#517=ORIENTED_EDGE('',*,*,#359,.T.);
#518=ORIENTED_EDGE('',*,*,#357,.T.);
#519=ORIENTED_EDGE('',*,*,#355,.T.);
#520=ORIENTED_EDGE('',*,*,#351,.T.);
#521=ORIENTED_EDGE('',*,*,#349,.T.);
#522=ORIENTED_EDGE('',*,*,#323,.T.);
#523=ORIENTED_EDGE('',*,*,#348,.T.);
#524=ORIENTED_EDGE('',*,*,#326,.T.);
#525=ORIENTED_EDGE('',*,*,#329,.T.);
#526=ORIENTED_EDGE('',*,*,#290,.T.);
#527=ORIENTED_EDGE('',*,*,#333,.T.);
#528=ORIENTED_EDGE('',*,*,#347,.T.);
#529=ORIENTED_EDGE('',*,*,#334,.T.);
#530=ORIENTED_EDGE('',*,*,#345,.T.);
#531=PLANE('',#598);
#532=PLANE('',#600);
#533=PLANE('',#601);
#534=PLANE('',#602);
#535=PLANE('',#603);
#536=PLANE('',#604);
#537=PLANE('',#605);
#538=PLANE('',#606);
#539=PLANE('',#607);
#540=PLANE('',#608);
#541=PLANE('',#609);
#542=PLANE('',#610);
#543=PLANE('',#611);
#544=PLANE('',#614);
#545=PLANE('',#615);
#546=PLANE('',#616);
#547=PLANE('',#617);
#548=PLANE('',#618);
#549=PLANE('',#619);
#550=PLANE('',#620);
#551=PLANE('',#621);
#552=PLANE('',#622);
#553=PLANE('',#623);
#554=PLANE('',#624);
#555=ADVANCED_FACE('',(#44,#40),#531,.F.);
#556=ADVANCED_FACE('',(#45),#532,.T.);
#557=ADVANCED_FACE('',(#46),#533,.T.);
#558=ADVANCED_FACE('',(#47),#534,.T.);
#559=ADVANCED_FACE('',(#48),#16,.F.);
#560=ADVANCED_FACE('',(#49),#17,.F.);
#561=ADVANCED_FACE('',(#50),#18,.F.);
#562=ADVANCED_FACE('',(#51),#19,.F.);
#563=ADVANCED_FACE('',(#52),#535,.T.);
#564=ADVANCED_FACE('',(#53),#536,.T.);
#565=ADVANCED_FACE('',(#54),#537,.T.);
#566=ADVANCED_FACE('',(#55),#538,.T.);
#567=ADVANCED_FACE('',(#56),#539,.T.);
#568=ADVANCED_FACE('',(#57),#540,.F.);
#569=ADVANCED_FACE('',(#58),#541,.F.);
#570=ADVANCED_FACE('',(#59),#542,.F.);
#571=ADVANCED_FACE('',(#60),#543,.F.);
#572=ADVANCED_FACE('',(#61),#15,.F.);
#573=ADVANCED_FACE('',(#62),#544,.T.);
#574=ADVANCED_FACE('',(#63),#545,.T.);
#575=ADVANCED_FACE('',(#64),#546,.T.);
#576=ADVANCED_FACE('',(#65),#547,.T.);
#577=ADVANCED_FACE('',(#66),#548,.T.);
#578=ADVANCED_FACE('',(#67),#549,.T.);
#579=ADVANCED_FACE('',(#68),#550,.T.);
#580=ADVANCED_FACE('',(#69),#551,.T.);
#581=ADVANCED_FACE('',(#70),#552,.T.);
#582=ADVANCED_FACE('',(#71),#553,.T.);
#583=ADVANCED_FACE('',(#72,#41),#554,.T.);
#584=CLOSED_SHELL('',(#555,#556,#557,#558,#559,#560,#561,#562,#563,#564,
#565,#566,#567,#568,#569,#570,#571,#572,#573,#574,#575,#576,#577,#578,#579,
#580,#581,#582,#583));
#585=DERIVED_UNIT_ELEMENT(#587,1.);
#586=DERIVED_UNIT_ELEMENT(#1614,-3.);
#587=(
MASS_UNIT()
NAMED_UNIT(*)
SI_UNIT(.KILO.,.GRAM.)
);
#588=DERIVED_UNIT((#585,#586));
#589=MEASURE_REPRESENTATION_ITEM('density measure',
POSITIVE_RATIO_MEASURE(1060.),#588);
#590=PROPERTY_DEFINITION_REPRESENTATION(#595,#592);
#591=PROPERTY_DEFINITION_REPRESENTATION(#596,#593);
#592=REPRESENTATION('material name',(#594),#1611);
#593=REPRESENTATION('density',(#589),#1611);
#594=DESCRIPTIVE_REPRESENTATION_ITEM('ABS Plastic','ABS Plastic');
#595=PROPERTY_DEFINITION('material property','material name',#1621);
#596=PROPERTY_DEFINITION('material property','density of part',#1621);
#597=AXIS2_PLACEMENT_3D('',#742,#625,#626);
#598=AXIS2_PLACEMENT_3D('',#743,#627,#628);
#599=AXIS2_PLACEMENT_3D('',#757,#635,#636);
#600=AXIS2_PLACEMENT_3D('',#758,#637,#638);
#601=AXIS2_PLACEMENT_3D('',#779,#645,#646);
#602=AXIS2_PLACEMENT_3D('',#792,#650,#651);
#603=AXIS2_PLACEMENT_3D('',#1522,#655,#656);
#604=AXIS2_PLACEMENT_3D('',#1530,#661,#662);
#605=AXIS2_PLACEMENT_3D('',#1538,#667,#668);
#606=AXIS2_PLACEMENT_3D('',#1541,#671,#672);
#607=AXIS2_PLACEMENT_3D('',#1547,#676,#677);
#608=AXIS2_PLACEMENT_3D('',#1553,#681,#682);
#609=AXIS2_PLACEMENT_3D('',#1555,#684,#685);
#610=AXIS2_PLACEMENT_3D('',#1561,#689,#690);
#611=AXIS2_PLACEMENT_3D('',#1567,#694,#695);
#612=AXIS2_PLACEMENT_3D('',#1569,#697,#698);
#613=AXIS2_PLACEMENT_3D('',#1571,#699,#700);
#614=AXIS2_PLACEMENT_3D('',#1573,#702,#703);
#615=AXIS2_PLACEMENT_3D('',#1575,#705,#706);
#616=AXIS2_PLACEMENT_3D('',#1577,#708,#709);
#617=AXIS2_PLACEMENT_3D('',#1581,#712,#713);
#618=AXIS2_PLACEMENT_3D('',#1588,#718,#719);
#619=AXIS2_PLACEMENT_3D('',#1592,#722,#723);
#620=AXIS2_PLACEMENT_3D('',#1596,#726,#727);
#621=AXIS2_PLACEMENT_3D('',#1598,#729,#730);
#622=AXIS2_PLACEMENT_3D('',#1602,#733,#734);
#623=AXIS2_PLACEMENT_3D('',#1606,#737,#738);
#624=AXIS2_PLACEMENT_3D('',#1608,#740,#741);
#625=DIRECTION('axis',(0.,0.,1.));
#626=DIRECTION('refdir',(1.,0.,0.));
#627=DIRECTION('center_axis',(0.,0.,1.));
#628=DIRECTION('ref_axis',(1.,0.,0.));
#629=DIRECTION('',(0.866025403784439,0.5,0.));
#630=DIRECTION('',(-0.866025403784438,0.5,0.));
#631=DIRECTION('',(0.,-1.,0.));
#632=DIRECTION('',(0.866025403784439,0.5,0.));
#633=DIRECTION('',(-0.866025403784438,0.5,0.));
#634=DIRECTION('',(0.,-1.,0.));
#635=DIRECTION('center_axis',(0.,0.,1.));
#636=DIRECTION('ref_axis',(1.,0.,0.));
#637=DIRECTION('center_axis',(-1.,0.,0.));
#638=DIRECTION('ref_axis',(0.,-1.,0.));
#639=DIRECTION('',(0.,0.,1.));
#640=DIRECTION('',(0.,-1.,0.));
#641=DIRECTION('',(0.,0.,1.));
#642=DIRECTION('',(0.,0.,1.));
#643=DIRECTION('',(0.,-1.,0.));
#644=DIRECTION('',(0.,0.,1.));
#645=DIRECTION('center_axis',(-0.5,-0.866025403784439,0.));
#646=DIRECTION('ref_axis',(0.866025403784438,-0.5,0.));
#647=DIRECTION('',(0.,0.,1.));
#648=DIRECTION('',(0.866025403784438,-0.5,0.));
#649=DIRECTION('',(0.,0.,1.));
#650=DIRECTION('center_axis',(0.5,-0.866025403784439,0.));
#651=DIRECTION('ref_axis',(0.866025403784439,0.5,0.));
#652=DIRECTION('',(0.,0.,1.));
#653=DIRECTION('',(0.866025403784439,0.5,0.));
#654=DIRECTION('',(0.,0.,1.));
#655=DIRECTION('center_axis',(1.,0.,0.));
#656=DIRECTION('ref_axis',(0.,1.,0.));
#657=DIRECTION('',(0.,1.,0.));
#658=DIRECTION('',(0.,0.,1.));
#659=DIRECTION('',(0.,1.,0.));
#660=DIRECTION('',(0.,0.,1.));
#661=DIRECTION('center_axis',(-1.,0.,0.));
#662=DIRECTION('ref_axis',(0.,-1.,0.));
#663=DIRECTION('',(0.,0.,1.));
#664=DIRECTION('',(0.,-1.,0.));
#665=DIRECTION('',(0.,0.,1.));
#666=DIRECTION('',(0.,-1.,0.));
#667=DIRECTION('center_axis',(-0.5,0.866025403784439,0.));
#668=DIRECTION('ref_axis',(-0.866025403784439,-0.5,0.));
#669=DIRECTION('',(-0.866025403784439,-0.5,0.));
#670=DIRECTION('',(0.,0.,1.));
#671=DIRECTION('center_axis',(0.,1.,0.));
#672=DIRECTION('ref_axis',(-1.,0.,0.));
#673=DIRECTION('',(1.,0.,0.));
#674=DIRECTION('',(0.,0.,1.));
#675=DIRECTION('',(-1.,0.,0.));
#676=DIRECTION('center_axis',(0.,-1.,0.));
#677=DIRECTION('ref_axis',(1.,0.,0.));
#678=DIRECTION('',(1.,0.,0.));
#679=DIRECTION('',(0.,0.,1.));
#680=DIRECTION('',(-1.,0.,0.));
#681=DIRECTION('center_axis',(0.,0.,1.));
#682=DIRECTION('ref_axis',(1.,0.,0.));
#683=DIRECTION('',(0.,1.,0.));
#684=DIRECTION('center_axis',(0.,0.,1.));
#685=DIRECTION('ref_axis',(1.,0.,0.));
#686=DIRECTION('',(0.,1.,0.));
#687=DIRECTION('',(1.,0.,0.));
#688=DIRECTION('',(0.,-1.,0.));
#689=DIRECTION('center_axis',(0.,0.,1.));
#690=DIRECTION('ref_axis',(1.,0.,0.));
#691=DIRECTION('',(1.,0.,0.));
#692=DIRECTION('',(0.,-1.,0.));
#693=DIRECTION('',(-1.,0.,0.));
#694=DIRECTION('center_axis',(0.,0.,1.));
#695=DIRECTION('ref_axis',(1.,0.,0.));
#696=DIRECTION('',(-1.,0.,0.));
#697=DIRECTION('center_axis',(0.,0.,1.));
#698=DIRECTION('ref_axis',(1.,0.,0.));
#699=DIRECTION('center_axis',(0.,0.,-1.));
#700=DIRECTION('ref_axis',(1.,0.,0.));
#701=DIRECTION('',(0.,0.,-1.));
#702=DIRECTION('center_axis',(-1.,0.,0.));
#703=DIRECTION('ref_axis',(0.,-1.,0.));
#704=DIRECTION('',(0.,-1.,0.));
#705=DIRECTION('center_axis',(0.,1.,0.));
#706=DIRECTION('ref_axis',(-1.,0.,0.));
#707=DIRECTION('',(-1.,0.,0.));
#708=DIRECTION('center_axis',(0.5,0.866025403784439,0.));
#709=DIRECTION('ref_axis',(-0.866025403784438,0.5,0.));
#710=DIRECTION('',(-0.866025403784438,0.5,0.));
#711=DIRECTION('',(0.,0.,1.));
#712=DIRECTION('center_axis',(1.,0.,0.));
#713=DIRECTION('ref_axis',(0.,1.,0.));
#714=DIRECTION('',(0.,1.,0.));
#715=DIRECTION('',(0.,0.,1.));
#716=DIRECTION('',(0.,0.,1.));
#717=DIRECTION('',(0.,1.,0.));
#718=DIRECTION('center_axis',(0.,1.,0.));
#719=DIRECTION('ref_axis',(-1.,0.,0.));
#720=DIRECTION('',(-1.,0.,0.));
#721=DIRECTION('',(0.,0.,1.));
#722=DIRECTION('center_axis',(1.,0.,0.));
#723=DIRECTION('ref_axis',(0.,1.,0.));
#724=DIRECTION('',(0.,1.,0.));
#725=DIRECTION('',(0.,0.,1.));
#726=DIRECTION('center_axis',(0.,-1.,0.));
#727=DIRECTION('ref_axis',(1.,0.,0.));
#728=DIRECTION('',(1.,0.,0.));
#729=DIRECTION('center_axis',(1.,0.,0.));
#730=DIRECTION('ref_axis',(0.,1.,0.));
#731=DIRECTION('',(0.,1.,0.));
#732=DIRECTION('',(0.,0.,1.));
#733=DIRECTION('center_axis',(0.,-1.,0.));
#734=DIRECTION('ref_axis',(1.,0.,0.));
#735=DIRECTION('',(1.,0.,0.));
#736=DIRECTION('',(0.,0.,1.));
#737=DIRECTION('center_axis',(-1.,0.,0.));
#738=DIRECTION('ref_axis',(0.,-1.,0.));
#739=DIRECTION('',(0.,-1.,0.));
#740=DIRECTION('center_axis',(0.,0.,1.));
#741=DIRECTION('ref_axis',(1.,0.,0.));
#742=CARTESIAN_POINT('',(0.,0.,0.));
#743=CARTESIAN_POINT('Origin',(0.,0.,0.));
#744=CARTESIAN_POINT('',(-1.21430643318376E-15,-4.04145188432738,0.));
#745=CARTESIAN_POINT('',(3.5,-2.02072594216369,0.));
#746=CARTESIAN_POINT('',(-0.198557158514988,-4.15608891324554,0.));
#747=CARTESIAN_POINT('',(-3.5,-2.02072594216369,0.));
#748=CARTESIAN_POINT('',(0.198557158514985,-4.15608891324554,0.));
#749=CARTESIAN_POINT('',(-3.5,2.02072594216369,0.));
#750=CARTESIAN_POINT('',(-3.5,2.25,0.));
#751=CARTESIAN_POINT('',(1.11022302462516E-15,4.04145188432738,0.));
#752=CARTESIAN_POINT('',(-3.69855715851499,1.90608891324554,0.));
#753=CARTESIAN_POINT('',(3.5,2.02072594216369,0.));
#754=CARTESIAN_POINT('',(3.69855715851499,1.90608891324553,0.));
#755=CARTESIAN_POINT('',(3.5,2.25,0.));
#756=CARTESIAN_POINT('',(-2.,2.44929359829471E-16,0.));
#757=CARTESIAN_POINT('Origin',(0.,0.,0.));
#758=CARTESIAN_POINT('Origin',(-3.5,2.02072594216369,0.));
#759=CARTESIAN_POINT('',(-3.5,1.00000001490116,4.8940278579349));
#760=CARTESIAN_POINT('',(-3.5,1.00000001490116,30.));
#761=CARTESIAN_POINT('',(-3.5,1.00000001490116,0.));
#762=CARTESIAN_POINT('',(-3.5,2.02072594216369,30.));
#763=CARTESIAN_POINT('',(-3.5,2.25,30.));
#764=CARTESIAN_POINT('',(-3.5,2.02072594216369,0.));
#765=CARTESIAN_POINT('',(-3.5,-2.02072594216369,30.));
#766=CARTESIAN_POINT('',(-3.5,-2.02072594216369,0.));
#767=CARTESIAN_POINT('',(-3.5,-1.00000001490116,30.));
#768=CARTESIAN_POINT('',(-3.5,2.25,30.));
#769=CARTESIAN_POINT('',(-3.5,-1.00000001490116,4.8940278579349));
#770=CARTESIAN_POINT('',(-3.5,-1.00000001490116,0.));
#771=CARTESIAN_POINT('Ctrl Pts',(-3.5,1.00000001490116,4.8940278579349));
#772=CARTESIAN_POINT('Ctrl Pts',(-3.5,0.805278379089139,4.89679492257349));
#773=CARTESIAN_POINT('Ctrl Pts',(-3.5000000000001,0.610431679364918,4.89870937692012));
#774=CARTESIAN_POINT('Ctrl Pts',(-3.5000000000001,0.176682316185094,4.90121093247125));
#775=CARTESIAN_POINT('Ctrl Pts',(-3.5,-0.064613802650555,4.90139458072235));
#776=CARTESIAN_POINT('Ctrl Pts',(-3.5,-0.535551252890878,4.89941515026444));
#777=CARTESIAN_POINT('Ctrl Pts',(-3.5,-0.768095364095982,4.89732330662035));
#778=CARTESIAN_POINT('Ctrl Pts',(-3.5,-1.00000001490116,4.8940278579349));
#779=CARTESIAN_POINT('Origin',(-3.5,-2.02072594216369,0.));
#780=CARTESIAN_POINT('',(-1.00000001490116,-3.46410160653457,4.89579771831277));
#781=CARTESIAN_POINT('',(-1.00000001490116,-3.46410160653457,30.));
#782=CARTESIAN_POINT('',(-1.00000001490116,-3.46410160653457,0.));
#783=CARTESIAN_POINT('',(0.198557158514985,-4.15608891324554,30.));
#784=CARTESIAN_POINT('',(-1.21430643318376E-15,-4.04145188432738,4.87129170472669));
#785=CARTESIAN_POINT('',(-1.21430643318376E-15,-4.04145188432738,0.));
#786=CARTESIAN_POINT('Ctrl Pts',(-1.00000001490116,-3.46410160653457,4.89579771831277));
#787=CARTESIAN_POINT('Ctrl Pts',(-0.921259777288509,-3.50956230391629,4.89468695423757));
#788=CARTESIAN_POINT('Ctrl Pts',(-0.842555027162901,-3.55500251254857,4.89339380905283));
#789=CARTESIAN_POINT('Ctrl Pts',(-0.509091875229682,-3.74752755308204,4.88711247680025));
#790=CARTESIAN_POINT('Ctrl Pts',(-0.254675963533671,-3.89441464822509,4.88033002960517));
#791=CARTESIAN_POINT('Ctrl Pts',(-1.49186218934005E-15,-4.04145188432738,
4.87129170472669));
#792=CARTESIAN_POINT('Origin',(1.00000001490116,-3.46410160653456,0.));
#793=CARTESIAN_POINT('',(3.5,-2.02072594216369,30.));
#794=CARTESIAN_POINT('',(3.5,-2.02072594216369,0.));
#795=CARTESIAN_POINT('',(1.00000001490116,-3.46410160653456,30.));
#796=CARTESIAN_POINT('',(-0.198557158514988,-4.15608891324554,30.));
#797=CARTESIAN_POINT('',(1.00000001490116,-3.46410160653456,4.89579771831277));
#798=CARTESIAN_POINT('',(1.00000001490116,-3.46410160653456,0.));
#799=CARTESIAN_POINT('Ctrl Pts',(-1.38777878078145E-15,-4.04145188432738,
4.8712917047267));
#800=CARTESIAN_POINT('Ctrl Pts',(0.208848269960424,-3.92087327944594,4.87870362726552));
#801=CARTESIAN_POINT('Ctrl Pts',(0.417588888981648,-3.80035682686323,4.88460105912801));
#802=CARTESIAN_POINT('Ctrl Pts',(0.750994458107597,-3.60786503177904,4.89182778916916));
#803=CARTESIAN_POINT('Ctrl Pts',(0.875518468264857,-3.53597106099418,4.89404169579847));
#804=CARTESIAN_POINT('Ctrl Pts',(1.00000001490116,-3.46410160653456,4.89579771831277));
#805=CARTESIAN_POINT('Ctrl Pts',(1.97595823247542,0.,4.94121170073298));
#806=CARTESIAN_POINT('Ctrl Pts',(1.97595823247542,1.97595823247542,4.94121170073298));
#807=CARTESIAN_POINT('Ctrl Pts',(0.,1.97595823247542,4.94121170073298));
#808=CARTESIAN_POINT('Ctrl Pts',(-1.97595823247542,1.97595823247542,4.94121170073298));
#809=CARTESIAN_POINT('Ctrl Pts',(-1.97595823247542,0.,4.94121170073298));
#810=CARTESIAN_POINT('Ctrl Pts',(-1.97595823247542,-1.97595823247542,4.94121170073298));
#811=CARTESIAN_POINT('Ctrl Pts',(0.,-1.97595823247542,4.94121170073298));
#812=CARTESIAN_POINT('Ctrl Pts',(1.97595823247542,-1.97595823247542,4.94121170073298));
#813=CARTESIAN_POINT('Ctrl Pts',(1.97595823247542,0.,4.94121170073298));
#814=CARTESIAN_POINT('Ctrl Pts',(2.10357026285253,0.,4.94121170073298));
#815=CARTESIAN_POINT('Ctrl Pts',(2.10357026285253,2.10357026285253,4.94121170073298));
#816=CARTESIAN_POINT('Ctrl Pts',(0.,2.10357026285253,4.94121170073298));
#817=CARTESIAN_POINT('Ctrl Pts',(-2.10357026285253,2.10357026285253,4.94121170073298));
#818=CARTESIAN_POINT('Ctrl Pts',(-2.10357026285253,0.,4.94121170073298));
#819=CARTESIAN_POINT('Ctrl Pts',(-2.10357026285253,-2.10357026285253,4.94121170073298));
#820=CARTESIAN_POINT('Ctrl Pts',(0.,-2.10357026285253,4.94121170073298));
#821=CARTESIAN_POINT('Ctrl Pts',(2.10357026285253,-2.10357026285253,4.94121170073298));
#822=CARTESIAN_POINT('Ctrl Pts',(2.10357026285253,0.,4.94121170073298));
#823=CARTESIAN_POINT('Ctrl Pts',(2.38161076597201,0.,4.93917620336829));
#824=CARTESIAN_POINT('Ctrl Pts',(2.38161076597201,2.38161076597201,4.93917620336829));
#825=CARTESIAN_POINT('Ctrl Pts',(0.,2.38161076597201,4.93917620336829));
#826=CARTESIAN_POINT('Ctrl Pts',(-2.38161076597201,2.38161076597201,4.93917620336829));
#827=CARTESIAN_POINT('Ctrl Pts',(-2.38161076597201,0.,4.93917620336829));
#828=CARTESIAN_POINT('Ctrl Pts',(-2.38161076597201,-2.38161076597201,4.93917620336829));
#829=CARTESIAN_POINT('Ctrl Pts',(0.,-2.38161076597201,4.93917620336829));
#830=CARTESIAN_POINT('Ctrl Pts',(2.38161076597201,-2.38161076597201,4.93917620336829));
#831=CARTESIAN_POINT('Ctrl Pts',(2.38161076597201,0.,4.93917620336829));
#832=CARTESIAN_POINT('Ctrl Pts',(2.86742271315383,0.,4.93003151216417));
#833=CARTESIAN_POINT('Ctrl Pts',(2.86742271315383,2.86742271315383,4.93003151216417));
#834=CARTESIAN_POINT('Ctrl Pts',(0.,2.86742271315383,4.93003151216417));
#835=CARTESIAN_POINT('Ctrl Pts',(-2.86742271315383,2.86742271315383,4.93003151216417));
#836=CARTESIAN_POINT('Ctrl Pts',(-2.86742271315383,0.,4.93003151216417));
#837=CARTESIAN_POINT('Ctrl Pts',(-2.86742271315383,-2.86742271315383,4.93003151216417));
#838=CARTESIAN_POINT('Ctrl Pts',(0.,-2.86742271315383,4.93003151216417));
#839=CARTESIAN_POINT('Ctrl Pts',(2.86742271315383,-2.86742271315383,4.93003151216417));
#840=CARTESIAN_POINT('Ctrl Pts',(2.86742271315383,0.,4.93003151216417));
#841=CARTESIAN_POINT('Ctrl Pts',(3.68278038524415,0.,4.90069721484598));
#842=CARTESIAN_POINT('Ctrl Pts',(3.68278038524415,3.68278038524415,4.90069721484598));
#843=CARTESIAN_POINT('Ctrl Pts',(0.,3.68278038524415,4.90069721484598));
#844=CARTESIAN_POINT('Ctrl Pts',(-3.68278038524415,3.68278038524415,4.90069721484598));
#845=CARTESIAN_POINT('Ctrl Pts',(-3.68278038524415,0.,4.90069721484598));
#846=CARTESIAN_POINT('Ctrl Pts',(-3.68278038524415,-3.68278038524415,4.90069721484598));
#847=CARTESIAN_POINT('Ctrl Pts',(0.,-3.68278038524415,4.90069721484598));
#848=CARTESIAN_POINT('Ctrl Pts',(3.68278038524415,-3.68278038524415,4.90069721484598));
#849=CARTESIAN_POINT('Ctrl Pts',(3.68278038524415,0.,4.90069721484598));
#850=CARTESIAN_POINT('Ctrl Pts',(5.1250763385788,0.,4.80614435992519));
#851=CARTESIAN_POINT('Ctrl Pts',(5.1250763385788,5.1250763385788,4.80614435992519));
#852=CARTESIAN_POINT('Ctrl Pts',(0.,5.1250763385788,4.80614435992519));
#853=CARTESIAN_POINT('Ctrl Pts',(-5.1250763385788,5.1250763385788,4.80614435992519));
#854=CARTESIAN_POINT('Ctrl Pts',(-5.1250763385788,0.,4.80614435992519));
#855=CARTESIAN_POINT('Ctrl Pts',(-5.1250763385788,-5.1250763385788,4.80614435992519));
#856=CARTESIAN_POINT('Ctrl Pts',(0.,-5.1250763385788,4.80614435992519));
#857=CARTESIAN_POINT('Ctrl Pts',(5.1250763385788,-5.1250763385788,4.80614435992519));
#858=CARTESIAN_POINT('Ctrl Pts',(5.1250763385788,0.,4.80614435992519));
#859=CARTESIAN_POINT('Ctrl Pts',(7.04619196732245,0.,4.61092654817831));
#860=CARTESIAN_POINT('Ctrl Pts',(7.04619196732245,7.04619196732245,4.61092654817831));
#861=CARTESIAN_POINT('Ctrl Pts',(0.,7.04619196732245,4.61092654817831));
#862=CARTESIAN_POINT('Ctrl Pts',(-7.04619196732245,7.04619196732245,4.61092654817831));
#863=CARTESIAN_POINT('Ctrl Pts',(-7.04619196732245,0.,4.61092654817831));
#864=CARTESIAN_POINT('Ctrl Pts',(-7.04619196732245,-7.04619196732245,4.61092654817831));
#865=CARTESIAN_POINT('Ctrl Pts',(0.,-7.04619196732245,4.61092654817831));
#866=CARTESIAN_POINT('Ctrl Pts',(7.04619196732245,-7.04619196732245,4.61092654817831));
#867=CARTESIAN_POINT('Ctrl Pts',(7.04619196732245,0.,4.61092654817831));
#868=CARTESIAN_POINT('Ctrl Pts',(9.38722106689735,0.,4.26984261473264));
#869=CARTESIAN_POINT('Ctrl Pts',(9.38722106689735,9.38722106689735,4.26984261473264));
#870=CARTESIAN_POINT('Ctrl Pts',(0.,9.38722106689735,4.26984261473264));
#871=CARTESIAN_POINT('Ctrl Pts',(-9.38722106689735,9.38722106689735,4.26984261473264));
#872=CARTESIAN_POINT('Ctrl Pts',(-9.38722106689735,0.,4.26984261473264));
#873=CARTESIAN_POINT('Ctrl Pts',(-9.38722106689735,-9.38722106689735,4.26984261473264));
#874=CARTESIAN_POINT('Ctrl Pts',(0.,-9.38722106689735,4.26984261473264));
#875=CARTESIAN_POINT('Ctrl Pts',(9.38722106689735,-9.38722106689735,4.26984261473264));
#876=CARTESIAN_POINT('Ctrl Pts',(9.38722106689735,0.,4.26984261473264));
#877=CARTESIAN_POINT('Ctrl Pts',(11.6256597989399,0.,3.73072617057086));
#878=CARTESIAN_POINT('Ctrl Pts',(11.6256597989399,11.6256597989399,3.73072617057086));
#879=CARTESIAN_POINT('Ctrl Pts',(0.,11.6256597989399,3.73072617057086));
#880=CARTESIAN_POINT('Ctrl Pts',(-11.6256597989399,11.6256597989399,3.73072617057086));
#881=CARTESIAN_POINT('Ctrl Pts',(-11.6256597989399,0.,3.73072617057086));
#882=CARTESIAN_POINT('Ctrl Pts',(-11.6256597989399,-11.6256597989399,3.73072617057086));
#883=CARTESIAN_POINT('Ctrl Pts',(0.,-11.6256597989399,3.73072617057086));
#884=CARTESIAN_POINT('Ctrl Pts',(11.6256597989399,-11.6256597989399,3.73072617057086));
#885=CARTESIAN_POINT('Ctrl Pts',(11.6256597989399,0.,3.73072617057086));
#886=CARTESIAN_POINT('Ctrl Pts',(13.189327904667,0.,2.9739898469218));
#887=CARTESIAN_POINT('Ctrl Pts',(13.189327904667,13.189327904667,2.9739898469218));
#888=CARTESIAN_POINT('Ctrl Pts',(0.,13.189327904667,2.9739898469218));
#889=CARTESIAN_POINT('Ctrl Pts',(-13.189327904667,13.189327904667,2.9739898469218));
#890=CARTESIAN_POINT('Ctrl Pts',(-13.189327904667,0.,2.9739898469218));
#891=CARTESIAN_POINT('Ctrl Pts',(-13.189327904667,-13.189327904667,2.9739898469218));
#892=CARTESIAN_POINT('Ctrl Pts',(0.,-13.189327904667,2.9739898469218));
#893=CARTESIAN_POINT('Ctrl Pts',(13.189327904667,-13.189327904667,2.9739898469218));
#894=CARTESIAN_POINT('Ctrl Pts',(13.189327904667,0.,2.9739898469218));
#895=CARTESIAN_POINT('Ctrl Pts',(14.1339123265164,0.,2.03212329669519));
#896=CARTESIAN_POINT('Ctrl Pts',(14.1339123265164,14.1339123265164,2.03212329669519));
#897=CARTESIAN_POINT('Ctrl Pts',(0.,14.1339123265164,2.03212329669519));
#898=CARTESIAN_POINT('Ctrl Pts',(-14.1339123265164,14.1339123265164,2.03212329669519));
#899=CARTESIAN_POINT('Ctrl Pts',(-14.1339123265164,0.,2.03212329669519));
#900=CARTESIAN_POINT('Ctrl Pts',(-14.1339123265164,-14.1339123265164,2.03212329669519));
#901=CARTESIAN_POINT('Ctrl Pts',(0.,-14.1339123265164,2.03212329669519));
#902=CARTESIAN_POINT('Ctrl Pts',(14.1339123265164,-14.1339123265164,2.03212329669519));
#903=CARTESIAN_POINT('Ctrl Pts',(14.1339123265164,0.,2.03212329669519));
#904=CARTESIAN_POINT('Ctrl Pts',(14.5489934731345,0.,1.16658413519671));
#905=CARTESIAN_POINT('Ctrl Pts',(14.5489934731345,14.5489934731345,1.16658413519671));
#906=CARTESIAN_POINT('Ctrl Pts',(0.,14.5489934731345,1.16658413519671));
#907=CARTESIAN_POINT('Ctrl Pts',(-14.5489934731345,14.5489934731345,1.16658413519671));
#908=CARTESIAN_POINT('Ctrl Pts',(-14.5489934731345,0.,1.16658413519671));
#909=CARTESIAN_POINT('Ctrl Pts',(-14.5489934731345,-14.5489934731345,1.16658413519671));
#910=CARTESIAN_POINT('Ctrl Pts',(0.,-14.5489934731345,1.16658413519671));
#911=CARTESIAN_POINT('Ctrl Pts',(14.5489934731345,-14.5489934731345,1.16658413519671));
#912=CARTESIAN_POINT('Ctrl Pts',(14.5489934731345,0.,1.16658413519671));
#913=CARTESIAN_POINT('Ctrl Pts',(14.7949263771788,0.,0.474091945774589));
#914=CARTESIAN_POINT('Ctrl Pts',(14.7949263771788,14.7949263771788,0.474091945774589));
#915=CARTESIAN_POINT('Ctrl Pts',(0.,14.7949263771788,0.474091945774589));
#916=CARTESIAN_POINT('Ctrl Pts',(-14.7949263771788,14.7949263771788,0.474091945774589));
#917=CARTESIAN_POINT('Ctrl Pts',(-14.7949263771788,0.,0.474091945774589));
#918=CARTESIAN_POINT('Ctrl Pts',(-14.7949263771788,-14.7949263771788,0.474091945774589));
#919=CARTESIAN_POINT('Ctrl Pts',(0.,-14.7949263771788,0.474091945774589));
#920=CARTESIAN_POINT('Ctrl Pts',(14.7949263771788,-14.7949263771788,0.474091945774589));
#921=CARTESIAN_POINT('Ctrl Pts',(14.7949263771788,0.,0.474091945774589));
#922=CARTESIAN_POINT('Ctrl Pts',(14.9482479545097,0.,-0.00413928505895486));
#923=CARTESIAN_POINT('Ctrl Pts',(14.9482479545097,14.9482479545097,-0.00413928505895486));
#924=CARTESIAN_POINT('Ctrl Pts',(0.,14.9482479545097,-0.004139285058955));
#925=CARTESIAN_POINT('Ctrl Pts',(-14.9482479545097,14.9482479545097,-0.00413928505895514));
#926=CARTESIAN_POINT('Ctrl Pts',(-14.9482479545097,0.,-0.00413928505895514));
#927=CARTESIAN_POINT('Ctrl Pts',(-14.9482479545097,-14.9482479545097,-0.00413928505895514));
#928=CARTESIAN_POINT('Ctrl Pts',(0.,-14.9482479545097,-0.004139285058955));
#929=CARTESIAN_POINT('Ctrl Pts',(14.9482479545097,-14.9482479545097,-0.00413928505895486));
#930=CARTESIAN_POINT('Ctrl Pts',(14.9482479545097,0.,-0.00413928505895486));
#931=CARTESIAN_POINT('Ctrl Pts',(15.0223192332056,0.,-0.247393618315274));
#932=CARTESIAN_POINT('Ctrl Pts',(15.0223192332056,15.0223192332056,-0.247393618315274));
#933=CARTESIAN_POINT('Ctrl Pts',(0.,15.0223192332056,-0.247393618315274));
#934=CARTESIAN_POINT('Ctrl Pts',(-15.0223192332056,15.0223192332056,-0.247393618315274));
#935=CARTESIAN_POINT('Ctrl Pts',(-15.0223192332056,0.,-0.247393618315274));
#936=CARTESIAN_POINT('Ctrl Pts',(-15.0223192332056,-15.0223192332056,-0.247393618315274));
#937=CARTESIAN_POINT('Ctrl Pts',(0.,-15.0223192332056,-0.247393618315274));
#938=CARTESIAN_POINT('Ctrl Pts',(15.0223192332056,-15.0223192332056,-0.247393618315274));
#939=CARTESIAN_POINT('Ctrl Pts',(15.0223192332056,0.,-0.247393618315274));
#940=CARTESIAN_POINT('',(1.00000001490116,-14.9118533600554,0.));
#941=CARTESIAN_POINT('Ctrl Pts',(1.00000001490117,-14.9118533600554,2.77555756156289E-16));
#942=CARTESIAN_POINT('Ctrl Pts',(1.00000001490117,-14.5680561196175,1.07852284121293));
#943=CARTESIAN_POINT('Ctrl Pts',(1.00000001479717,-14.2639430147824,1.67685309982896));
#944=CARTESIAN_POINT('Ctrl Pts',(1.00000001479717,-13.571840218668,2.51240113926236));
#945=CARTESIAN_POINT('Ctrl Pts',(1.00000001448512,-13.1703874786946,2.85502721818584));
#946=CARTESIAN_POINT('Ctrl Pts',(1.00000001448512,-11.9112874611112,3.54466253737041));
#947=CARTESIAN_POINT('Ctrl Pts',(1.00000001490116,-11.0618620459316,3.82452583587896));
#948=CARTESIAN_POINT('Ctrl Pts',(1.00000001490116,-8.21045761669331,4.49385891981671));
#949=CARTESIAN_POINT('Ctrl Pts',(1.00000001490116,-5.65839933368688,4.78856895727894));
#950=CARTESIAN_POINT('Ctrl Pts',(1.00000001490116,-3.46410160653456,4.89579771831277));
#951=CARTESIAN_POINT('',(-1.00000001490116,-14.9118533600554,0.));
#952=CARTESIAN_POINT('Ctrl Pts',(-1.00000001490116,-14.9118533600554,2.77555756156289E-16));
#953=CARTESIAN_POINT('Ctrl Pts',(-0.928507619738852,-14.9166476934291,2.77555756156289E-16));
#954=CARTESIAN_POINT('Ctrl Pts',(-0.856957527247735,-14.9209294469952,1.66533453693773E-15));
#955=CARTESIAN_POINT('Ctrl Pts',(-0.189315314274118,-14.9560615644019,1.66533453693773E-15));
#956=CARTESIAN_POINT('Ctrl Pts',(0.406855755514837,-14.9516300567478,2.77555756156289E-16));
#957=CARTESIAN_POINT('Ctrl Pts',(1.00000001490116,-14.9118533600554,2.77555756156289E-16));
#958=CARTESIAN_POINT('Ctrl Pts',(-1.00000001490116,-3.46410160653456,4.89579771831277));
#959=CARTESIAN_POINT('Ctrl Pts',(-1.00000001490116,-5.79391414872809,4.78194675394764));
#960=CARTESIAN_POINT('Ctrl Pts',(-1.00000001491771,-8.7735352459585,4.44785607223987));
#961=CARTESIAN_POINT('Ctrl Pts',(-1.00000001491771,-11.7891213390875,3.58726285720863));
#962=CARTESIAN_POINT('Ctrl Pts',(-1.00000001490116,-12.5498319879916,3.25544652080014));
#963=CARTESIAN_POINT('Ctrl Pts',(-1.00000001490116,-13.6256384059461,2.47762173543307));
#964=CARTESIAN_POINT('Ctrl Pts',(-1.00000001574471,-13.9539949042716,2.09333907301763));
#965=CARTESIAN_POINT('Ctrl Pts',(-1.00000001574471,-14.40684799838,1.35135892344952));
#966=CARTESIAN_POINT('Ctrl Pts',(-1.00000001490116,-14.6310749604515,0.880827073848131));
#967=CARTESIAN_POINT('Ctrl Pts',(-1.00000001490116,-14.9118533600554,-8.32667268468867E-16));
#968=CARTESIAN_POINT('Ctrl Pts',(1.89993115256096,-0.542837500561437,4.94121170073298));
#969=CARTESIAN_POINT('Ctrl Pts',(1.97595823247542,-0.276742734782841,4.94121170073298));
#970=CARTESIAN_POINT('Ctrl Pts',(1.97595823247542,0.,4.94121170073298));
#971=CARTESIAN_POINT('Ctrl Pts',(1.97595823247542,1.97595823247542,4.94121170073298));
#972=CARTESIAN_POINT('Ctrl Pts',(0.,1.97595823247542,4.94121170073298));
#973=CARTESIAN_POINT('Ctrl Pts',(-1.97595823247542,1.97595823247542,4.94121170073298));
#974=CARTESIAN_POINT('Ctrl Pts',(-1.97595823247542,0.,4.94121170073298));
#975=CARTESIAN_POINT('Ctrl Pts',(-1.97595823247542,-1.97595823247542,4.94121170073298));
#976=CARTESIAN_POINT('Ctrl Pts',(0.,-1.97595823247542,4.94121170073298));
#977=CARTESIAN_POINT('Ctrl Pts',(1.49046806487678,-1.97595823247542,4.94121170073298));
#978=CARTESIAN_POINT('Ctrl Pts',(1.89993115256096,-0.542837500561437,4.94121170073298));
#979=CARTESIAN_POINT('Ctrl Pts',(2.0226331752911,-0.577895223175692,4.94121170073298));
#980=CARTESIAN_POINT('Ctrl Pts',(2.10357026285253,-0.294615431531856,4.94121170073298));
#981=CARTESIAN_POINT('Ctrl Pts',(2.10357026285253,0.,4.94121170073298));
#982=CARTESIAN_POINT('Ctrl Pts',(2.10357026285253,2.10357026285253,4.94121170073298));
#983=CARTESIAN_POINT('Ctrl Pts',(0.,2.10357026285253,4.94121170073298));
#984=CARTESIAN_POINT('Ctrl Pts',(-2.10357026285253,2.10357026285253,4.94121170073298));
#985=CARTESIAN_POINT('Ctrl Pts',(-2.10357026285253,0.,4.94121170073298));
#986=CARTESIAN_POINT('Ctrl Pts',(-2.10357026285253,-2.10357026285253,4.94121170073298));
#987=CARTESIAN_POINT('Ctrl Pts',(0.,-2.10357026285253,4.94121170073298));
#988=CARTESIAN_POINT('Ctrl Pts',(1.58672599829113,-2.10357026285253,4.94121170073298));
#989=CARTESIAN_POINT('Ctrl Pts',(2.0226331752911,-0.577895223175692,4.94121170073298));
#990=CARTESIAN_POINT('Ctrl Pts',(2.28997577639894,-0.654278827488594,4.93917620336829));
#991=CARTESIAN_POINT('Ctrl Pts',(2.38161076597201,-0.333556380762997,4.93917620336829));
#992=CARTESIAN_POINT('Ctrl Pts',(2.38161076597201,0.,4.93917620336829));
#993=CARTESIAN_POINT('Ctrl Pts',(2.38161076597201,2.38161076597201,4.93917620336829));
#994=CARTESIAN_POINT('Ctrl Pts',(0.,2.38161076597201,4.93917620336829));
#995=CARTESIAN_POINT('Ctrl Pts',(-2.38161076597201,2.38161076597201,4.93917620336829));
#996=CARTESIAN_POINT('Ctrl Pts',(-2.38161076597201,0.,4.93917620336829));
#997=CARTESIAN_POINT('Ctrl Pts',(-2.38161076597201,-2.38161076597201,4.93917620336829));
#998=CARTESIAN_POINT('Ctrl Pts',(0.,-2.38161076597201,4.93917620336829));
#999=CARTESIAN_POINT('Ctrl Pts',(1.79645233958262,-2.38161076597201,4.93917620336829));
#1000=CARTESIAN_POINT('Ctrl Pts',(2.28997577639894,-0.654278827488594,4.93917620336829));
#1001=CARTESIAN_POINT('Ctrl Pts',(2.75709559581978,-0.787741640020157,4.93003151216417));
#1002=CARTESIAN_POINT('Ctrl Pts',(2.86742271315383,-0.401596749554015,4.93003151216417));
#1003=CARTESIAN_POINT('Ctrl Pts',(2.86742271315383,0.,4.93003151216417));
#1004=CARTESIAN_POINT('Ctrl Pts',(2.86742271315383,2.86742271315383,4.93003151216417));
#1005=CARTESIAN_POINT('Ctrl Pts',(0.,2.86742271315383,4.93003151216417));
#1006=CARTESIAN_POINT('Ctrl Pts',(-2.86742271315383,2.86742271315383,4.93003151216417));
#1007=CARTESIAN_POINT('Ctrl Pts',(-2.86742271315383,0.,4.93003151216417));
#1008=CARTESIAN_POINT('Ctrl Pts',(-2.86742271315383,-2.86742271315383,4.93003151216417));
#1009=CARTESIAN_POINT('Ctrl Pts',(0.,-2.86742271315383,4.93003151216417));
#1010=CARTESIAN_POINT('Ctrl Pts',(2.16290097240771,-2.86742271315383,4.93003151216417));
#1011=CARTESIAN_POINT('Ctrl Pts',(2.75709559581978,-0.787741640020157,4.93003151216417));
#1012=CARTESIAN_POINT('Ctrl Pts',(3.5410815203316,-1.01173763017154,4.90069721484598));
#1013=CARTESIAN_POINT('Ctrl Pts',(3.68278038524415,-0.51579162892541,4.90069721484598));
#1014=CARTESIAN_POINT('Ctrl Pts',(3.68278038524415,0.,4.90069721484598));
#1015=CARTESIAN_POINT('Ctrl Pts',(3.68278038524415,3.68278038524415,4.90069721484598));
#1016=CARTESIAN_POINT('Ctrl Pts',(0.,3.68278038524415,4.90069721484598));
#1017=CARTESIAN_POINT('Ctrl Pts',(-3.68278038524415,3.68278038524415,4.90069721484598));
#1018=CARTESIAN_POINT('Ctrl Pts',(-3.68278038524415,0.,4.90069721484598));
#1019=CARTESIAN_POINT('Ctrl Pts',(-3.68278038524415,-3.68278038524415,4.90069721484598));
#1020=CARTESIAN_POINT('Ctrl Pts',(0.,-3.68278038524415,4.90069721484598));
#1021=CARTESIAN_POINT('Ctrl Pts',(2.77792640752557,-3.68278038524415,4.90069721484598));
#1022=CARTESIAN_POINT('Ctrl Pts',(3.5410815203316,-1.01173763017154,4.90069721484598));
#1023=CARTESIAN_POINT('Ctrl Pts',(4.9278836135723,-1.40796682039952,4.80614435992519));
#1024=CARTESIAN_POINT('Ctrl Pts',(5.1250763385788,-0.717792318986566,4.80614435992519));
#1025=CARTESIAN_POINT('Ctrl Pts',(5.1250763385788,0.,4.80614435992519));
#1026=CARTESIAN_POINT('Ctrl Pts',(5.1250763385788,5.1250763385788,4.80614435992519));
#1027=CARTESIAN_POINT('Ctrl Pts',(0.,5.1250763385788,4.80614435992519));
#1028=CARTESIAN_POINT('Ctrl Pts',(-5.1250763385788,5.1250763385788,4.80614435992519));
#1029=CARTESIAN_POINT('Ctrl Pts',(-5.1250763385788,0.,4.80614435992519));
#1030=CARTESIAN_POINT('Ctrl Pts',(-5.1250763385788,-5.1250763385788,4.80614435992519));
#1031=CARTESIAN_POINT('Ctrl Pts',(0.,-5.1250763385788,4.80614435992519));
#1032=CARTESIAN_POINT('Ctrl Pts',(3.86585226709864,-5.1250763385788,4.80614435992519));
#1033=CARTESIAN_POINT('Ctrl Pts',(4.9278836135723,-1.40796682039952,4.80614435992519));
#1034=CARTESIAN_POINT('Ctrl Pts',(6.7750822895024,-1.93573789827815,4.61092654817831));
#1035=CARTESIAN_POINT('Ctrl Pts',(7.04619196732245,-0.986854075553421,4.61092654817831));
#1036=CARTESIAN_POINT('Ctrl Pts',(7.04619196732245,0.,4.61092654817831));
#1037=CARTESIAN_POINT('Ctrl Pts',(7.04619196732245,7.04619196732245,4.61092654817831));
#1038=CARTESIAN_POINT('Ctrl Pts',(0.,7.04619196732245,4.61092654817831));
#1039=CARTESIAN_POINT('Ctrl Pts',(-7.04619196732245,7.04619196732245,4.61092654817831));
#1040=CARTESIAN_POINT('Ctrl Pts',(-7.04619196732245,0.,4.61092654817831));
#1041=CARTESIAN_POINT('Ctrl Pts',(-7.04619196732245,-7.04619196732245,4.61092654817831));
#1042=CARTESIAN_POINT('Ctrl Pts',(0.,-7.04619196732245,4.61092654817831));
#1043=CARTESIAN_POINT('Ctrl Pts',(5.31495247909601,-7.04619196732245,4.61092654817831));
#1044=CARTESIAN_POINT('Ctrl Pts',(6.7750822895024,-1.93573789827815,4.61092654817831));
#1045=CARTESIAN_POINT('Ctrl Pts',(9.02603782197943,-2.57886808406291,4.26984261473264));
#1046=CARTESIAN_POINT('Ctrl Pts',(9.38722106689735,-1.31472679298983,4.26984261473264));
#1047=CARTESIAN_POINT('Ctrl Pts',(9.38722106689735,0.,4.26984261473264));
#1048=CARTESIAN_POINT('Ctrl Pts',(9.38722106689735,9.38722106689735,4.26984261473264));
#1049=CARTESIAN_POINT('Ctrl Pts',(0.,9.38722106689735,4.26984261473264));
#1050=CARTESIAN_POINT('Ctrl Pts',(-9.38722106689735,9.38722106689735,4.26984261473264));
#1051=CARTESIAN_POINT('Ctrl Pts',(-9.38722106689735,0.,4.26984261473264));
#1052=CARTESIAN_POINT('Ctrl Pts',(-9.38722106689735,-9.38722106689735,4.26984261473264));
#1053=CARTESIAN_POINT('Ctrl Pts',(0.,-9.38722106689735,4.26984261473264));
#1054=CARTESIAN_POINT('Ctrl Pts',(7.08079401082334,-9.38722106689735,4.26984261473264));
#1055=CARTESIAN_POINT('Ctrl Pts',(9.02603782197943,-2.57886808406291,4.26984261473264));
#1056=CARTESIAN_POINT('Ctrl Pts',(11.1783502596663,-3.19381452700449,3.73072617057086));
#1057=CARTESIAN_POINT('Ctrl Pts',(11.6256597989399,-1.62823122145806,3.73072617057086));
#1058=CARTESIAN_POINT('Ctrl Pts',(11.6256597989399,0.,3.73072617057086));
#1059=CARTESIAN_POINT('Ctrl Pts',(11.6256597989399,11.6256597989399,3.73072617057086));
#1060=CARTESIAN_POINT('Ctrl Pts',(0.,11.6256597989399,3.73072617057086));
#1061=CARTESIAN_POINT('Ctrl Pts',(-11.6256597989399,11.6256597989399,3.73072617057086));
#1062=CARTESIAN_POINT('Ctrl Pts',(-11.6256597989399,0.,3.73072617057086));
#1063=CARTESIAN_POINT('Ctrl Pts',(-11.6256597989399,-11.6256597989399,3.73072617057086));
#1064=CARTESIAN_POINT('Ctrl Pts',(0.,-11.6256597989399,3.73072617057086));
#1065=CARTESIAN_POINT('Ctrl Pts',(8.7692514844983,-11.6256597989399,3.73072617057086));
#1066=CARTESIAN_POINT('Ctrl Pts',(11.1783502596663,-3.19381452700449,3.73072617057086));
#1067=CARTESIAN_POINT('Ctrl Pts',(12.6818545835483,-3.62338721344592,2.9739898469218));
#1068=CARTESIAN_POINT('Ctrl Pts',(13.189327904667,-1.84723068245856,2.9739898469218));
#1069=CARTESIAN_POINT('Ctrl Pts',(13.189327904667,0.,2.9739898469218));
#1070=CARTESIAN_POINT('Ctrl Pts',(13.189327904667,13.189327904667,2.9739898469218));
#1071=CARTESIAN_POINT('Ctrl Pts',(0.,13.189327904667,2.9739898469218));
#1072=CARTESIAN_POINT('Ctrl Pts',(-13.189327904667,13.189327904667,2.9739898469218));
#1073=CARTESIAN_POINT('Ctrl Pts',(-13.189327904667,0.,2.9739898469218));
#1074=CARTESIAN_POINT('Ctrl Pts',(-13.189327904667,-13.189327904667,2.9739898469218));
#1075=CARTESIAN_POINT('Ctrl Pts',(0.,-13.189327904667,2.9739898469218));
#1076=CARTESIAN_POINT('Ctrl Pts',(9.94872852877413,-13.189327904667,2.9739898469218));
#1077=CARTESIAN_POINT('Ctrl Pts',(12.6818545835483,-3.62338721344592,2.9739898469218));
#1078=CARTESIAN_POINT('Ctrl Pts',(13.5900951221386,-3.88288452376287,2.03212329669519));
#1079=CARTESIAN_POINT('Ctrl Pts',(14.1339123265164,-1.979524408024,2.03212329669519));
#1080=CARTESIAN_POINT('Ctrl Pts',(14.1339123265164,0.,2.03212329669519));
#1081=CARTESIAN_POINT('Ctrl Pts',(14.1339123265164,14.1339123265164,2.03212329669519));
#1082=CARTESIAN_POINT('Ctrl Pts',(0.,14.1339123265164,2.03212329669519));
#1083=CARTESIAN_POINT('Ctrl Pts',(-14.1339123265164,14.1339123265164,2.03212329669519));
#1084=CARTESIAN_POINT('Ctrl Pts',(-14.1339123265164,0.,2.03212329669519));
#1085=CARTESIAN_POINT('Ctrl Pts',(-14.1339123265164,-14.1339123265164,2.03212329669519));
#1086=CARTESIAN_POINT('Ctrl Pts',(0.,-14.1339123265164,2.03212329669519));
#1087=CARTESIAN_POINT('Ctrl Pts',(10.6612298823999,-14.1339123265164,2.03212329669519));
#1088=CARTESIAN_POINT('Ctrl Pts',(13.5900951221386,-3.88288452376287,2.03212329669519));
#1089=CARTESIAN_POINT('Ctrl Pts',(13.9892055832501,-3.99691609004656,1.16658413519671));
#1090=CARTESIAN_POINT('Ctrl Pts',(14.5489934731345,-2.03765857795935,1.16658413519671));
#1091=CARTESIAN_POINT('Ctrl Pts',(14.5489934731345,0.,1.16658413519671));
#1092=CARTESIAN_POINT('Ctrl Pts',(14.5489934731345,14.5489934731345,1.16658413519671));
#1093=CARTESIAN_POINT('Ctrl Pts',(0.,14.5489934731345,1.16658413519671));
#1094=CARTESIAN_POINT('Ctrl Pts',(-14.5489934731345,14.5489934731345,1.16658413519671));
#1095=CARTESIAN_POINT('Ctrl Pts',(-14.5489934731345,0.,1.16658413519671));
#1096=CARTESIAN_POINT('Ctrl Pts',(-14.5489934731345,-14.5489934731345,1.16658413519671));
#1097=CARTESIAN_POINT('Ctrl Pts',(0.,-14.5489934731345,1.16658413519671));
#1098=CARTESIAN_POINT('Ctrl Pts',(10.9743261732013,-14.5489934731345,1.16658413519671));
#1099=CARTESIAN_POINT('Ctrl Pts',(13.9892055832501,-3.99691609004656,1.16658413519671));
#1100=CARTESIAN_POINT('Ctrl Pts',(14.2256759590678,-4.06447905810079,0.474091945774589));
#1101=CARTESIAN_POINT('Ctrl Pts',(14.7949263771788,-2.07210269895327,0.474091945774589));
#1102=CARTESIAN_POINT('Ctrl Pts',(14.7949263771788,0.,0.474091945774589));
#1103=CARTESIAN_POINT('Ctrl Pts',(14.7949263771788,14.7949263771788,0.474091945774589));
#1104=CARTESIAN_POINT('Ctrl Pts',(0.,14.7949263771788,0.474091945774589));
#1105=CARTESIAN_POINT('Ctrl Pts',(-14.7949263771788,14.7949263771788,0.474091945774589));
#1106=CARTESIAN_POINT('Ctrl Pts',(-14.7949263771788,0.,0.474091945774589));
#1107=CARTESIAN_POINT('Ctrl Pts',(-14.7949263771788,-14.7949263771788,0.474091945774589));
#1108=CARTESIAN_POINT('Ctrl Pts',(0.,-14.7949263771788,0.474091945774589));
#1109=CARTESIAN_POINT('Ctrl Pts',(11.1598337074984,-14.7949263771788,0.474091945774589));
#1110=CARTESIAN_POINT('Ctrl Pts',(14.2256759590678,-4.06447905810079,0.474091945774589));
#1111=CARTESIAN_POINT('Ctrl Pts',(14.3730983267795,-4.10659973679358,-0.00413928505895487));
#1112=CARTESIAN_POINT('Ctrl Pts',(14.9482479545097,-2.09357614505877,-0.00413928505895486));
#1113=CARTESIAN_POINT('Ctrl Pts',(14.9482479545097,0.,-0.00413928505895486));
#1114=CARTESIAN_POINT('Ctrl Pts',(14.9482479545097,14.9482479545097,-0.00413928505895486));
#1115=CARTESIAN_POINT('Ctrl Pts',(0.,14.9482479545097,-0.004139285058955));
#1116=CARTESIAN_POINT('Ctrl Pts',(-14.9482479545097,14.9482479545097,-0.00413928505895514));
#1117=CARTESIAN_POINT('Ctrl Pts',(-14.9482479545097,0.,-0.00413928505895514));
#1118=CARTESIAN_POINT('Ctrl Pts',(-14.9482479545097,-14.9482479545097,-0.00413928505895514));
#1119=CARTESIAN_POINT('Ctrl Pts',(0.,-14.9482479545097,-0.004139285058955));
#1120=CARTESIAN_POINT('Ctrl Pts',(11.2754843882225,-14.9482479545097,-0.0041392850589549));
#1121=CARTESIAN_POINT('Ctrl Pts',(14.3730983267795,-4.10659973679358,-0.00413928505895487));
#1122=CARTESIAN_POINT('Ctrl Pts',(14.4443196347967,-4.12694868300601,-0.247393618315274));
#1123=CARTESIAN_POINT('Ctrl Pts',(15.0223192332056,-2.10395019441784,-0.247393618315274));
#1124=CARTESIAN_POINT('Ctrl Pts',(15.0223192332056,0.,-0.247393618315274));
#1125=CARTESIAN_POINT('Ctrl Pts',(15.0223192332056,15.0223192332056,-0.247393618315274));
#1126=CARTESIAN_POINT('Ctrl Pts',(0.,15.0223192332056,-0.247393618315274));
#1127=CARTESIAN_POINT('Ctrl Pts',(-15.0223192332056,15.0223192332056,-0.247393618315274));
#1128=CARTESIAN_POINT('Ctrl Pts',(-15.0223192332056,0.,-0.247393618315274));
#1129=CARTESIAN_POINT('Ctrl Pts',(-15.0223192332056,-15.0223192332056,-0.247393618315274));
#1130=CARTESIAN_POINT('Ctrl Pts',(0.,-15.0223192332056,-0.247393618315274));
#1131=CARTESIAN_POINT('Ctrl Pts',(11.3313564575843,-15.0223192332056,-0.247393618315274));
#1132=CARTESIAN_POINT('Ctrl Pts',(14.4443196347967,-4.12694868300601,-0.247393618315274));
#1133=CARTESIAN_POINT('',(3.5,0.,4.90102562556418));
#1134=CARTESIAN_POINT('',(3.5,1.00000001490116,4.8940278579349));
#1135=CARTESIAN_POINT('Ctrl Pts',(3.5,-3.46944695195361E-17,4.90102562556418));
#1136=CARTESIAN_POINT('Ctrl Pts',(3.5,0.101560823584215,4.90102562556418));
#1137=CARTESIAN_POINT('Ctrl Pts',(3.5,0.203075127539333,4.90081260414863));
#1138=CARTESIAN_POINT('Ctrl Pts',(3.5,0.53555125289081,4.89941515026444));
#1139=CARTESIAN_POINT('Ctrl Pts',(3.5,0.768095364095943,4.89732330662036));
#1140=CARTESIAN_POINT('Ctrl Pts',(3.5,1.00000001490116,4.8940278579349));
#1141=CARTESIAN_POINT('',(14.9118533600554,1.00000001490116,0.));
#1142=CARTESIAN_POINT('Ctrl Pts',(14.9118533600554,1.00000001490116,-8.32667268468867E-16));
#1143=CARTESIAN_POINT('Ctrl Pts',(14.5692154026723,1.00000001490116,1.07488606608221));
#1144=CARTESIAN_POINT('Ctrl Pts',(14.266663694115,1.0000000148059,1.67083897056965));
#1145=CARTESIAN_POINT('Ctrl Pts',(13.5797356045881,1.0000000148059,2.5049768289176));
#1146=CARTESIAN_POINT('Ctrl Pts',(13.1793443732198,1.00000001448345,2.84874261723138));
#1147=CARTESIAN_POINT('Ctrl Pts',(11.9962439043204,1.00000001448345,3.49962040009699));
#1148=CARTESIAN_POINT('Ctrl Pts',(11.1949083518882,1.00000001490116,3.79186967391203));
#1149=CARTESIAN_POINT('Ctrl Pts',(8.23343832241429,1.00000001490116,4.49088198521261));
#1150=CARTESIAN_POINT('Ctrl Pts',(5.68429039925865,1.00000001490116,4.7853894206538));
#1151=CARTESIAN_POINT('Ctrl Pts',(3.5,1.00000001490116,4.8940278579349));
#1152=CARTESIAN_POINT('',(14.9453461205018,0.,1.86482773667507E-16));
#1153=CARTESIAN_POINT('Ctrl Pts',(14.9453461205018,1.38777878078145E-16,
2.77555756156289E-16));
#1154=CARTESIAN_POINT('Ctrl Pts',(14.9453461205018,0.334026155443312,2.77555756156289E-16));
#1155=CARTESIAN_POINT('Ctrl Pts',(14.9341481644239,0.66754316642027,2.77555756156289E-16));
#1156=CARTESIAN_POINT('Ctrl Pts',(14.9118533600554,1.00000001490116,2.77555756156289E-16));
#1157=CARTESIAN_POINT('',(14.9118533600554,-1.00000001490116,0.));
#1158=CARTESIAN_POINT('Ctrl Pts',(14.9118533600554,-1.00000001490116,2.77555756156289E-16));
#1159=CARTESIAN_POINT('Ctrl Pts',(14.9297531945802,-0.733080311274659,2.77555756156289E-16));
#1160=CARTESIAN_POINT('Ctrl Pts',(14.9405032077988,-0.465429267296757,1.66533453693773E-15));
#1161=CARTESIAN_POINT('Ctrl Pts',(14.9449121245987,-0.131536285095934,1.66533453693773E-15));
#1162=CARTESIAN_POINT('Ctrl Pts',(14.9453461205018,-0.0657582754121233,
2.77555756156289E-16));
#1163=CARTESIAN_POINT('Ctrl Pts',(14.9453461205018,-3.66055405772436E-15,
2.77555756156289E-16));
#1164=CARTESIAN_POINT('',(3.5,-1.00000001490116,4.8940278579349));
#1165=CARTESIAN_POINT('Ctrl Pts',(3.5,-1.00000001490116,4.8940278579349));
#1166=CARTESIAN_POINT('Ctrl Pts',(5.81856001481611,-1.00000001490116,4.77871135201721));
#1167=CARTESIAN_POINT('Ctrl Pts',(8.80604534848157,-1.00000001491365,4.44443115636307));
#1168=CARTESIAN_POINT('Ctrl Pts',(11.8127491736736,-1.00000001491365,3.57771763046391));
#1169=CARTESIAN_POINT('Ctrl Pts',(12.5671042159406,-1.00000001490116,3.24611585864825));
#1170=CARTESIAN_POINT('Ctrl Pts',(13.6344394439025,-1.00000001490116,2.4686105200734));
#1171=CARTESIAN_POINT('Ctrl Pts',(13.9603262395979,-1.00000001571088,2.08492627671877));
#1172=CARTESIAN_POINT('Ctrl Pts',(14.4091764531951,-1.00000001571088,1.34590430885639));
#1173=CARTESIAN_POINT('Ctrl Pts',(14.6321505106872,-1.00000001490116,0.87745297609632));
#1174=CARTESIAN_POINT('Ctrl Pts',(14.9118533600554,-1.00000001490116,-8.32667268468867E-16));
#1175=CARTESIAN_POINT('Ctrl Pts',(3.5,-1.00000001490116,4.8940278579349));
#1176=CARTESIAN_POINT('Ctrl Pts',(3.5,-0.80527837908911,4.89679492257349));
#1177=CARTESIAN_POINT('Ctrl Pts',(3.5000000000001,-0.610431679364876,4.89870937692012));
#1178=CARTESIAN_POINT('Ctrl Pts',(3.5000000000001,-0.277921126622635,4.90062705954892));
#1179=CARTESIAN_POINT('Ctrl Pts',(3.5,-0.138917045715193,4.90102562556418));
#1180=CARTESIAN_POINT('Ctrl Pts',(3.5,0.,4.90102562556418));
#1181=CARTESIAN_POINT('Ctrl Pts',(1.97595823247542,0.,4.94121170073298));
#1182=CARTESIAN_POINT('Ctrl Pts',(1.97595823247542,1.97595823247542,4.94121170073298));
#1183=CARTESIAN_POINT('Ctrl Pts',(0.,1.97595823247542,4.94121170073298));
#1184=CARTESIAN_POINT('Ctrl Pts',(-1.97595823247542,1.97595823247542,4.94121170073298));
#1185=CARTESIAN_POINT('Ctrl Pts',(-1.97595823247542,0.,4.94121170073298));
#1186=CARTESIAN_POINT('Ctrl Pts',(-1.97595823247542,-1.97595823247542,4.94121170073298));
#1187=CARTESIAN_POINT('Ctrl Pts',(0.,-1.97595823247542,4.94121170073298));
#1188=CARTESIAN_POINT('Ctrl Pts',(1.97595823247542,-1.97595823247542,4.94121170073298));
#1189=CARTESIAN_POINT('Ctrl Pts',(1.97595823247542,0.,4.94121170073298));
#1190=CARTESIAN_POINT('Ctrl Pts',(2.10357026285253,0.,4.94121170073298));
#1191=CARTESIAN_POINT('Ctrl Pts',(2.10357026285253,2.10357026285253,4.94121170073298));
#1192=CARTESIAN_POINT('Ctrl Pts',(0.,2.10357026285253,4.94121170073298));
#1193=CARTESIAN_POINT('Ctrl Pts',(-2.10357026285253,2.10357026285253,4.94121170073298));
#1194=CARTESIAN_POINT('Ctrl Pts',(-2.10357026285253,0.,4.94121170073298));
#1195=CARTESIAN_POINT('Ctrl Pts',(-2.10357026285253,-2.10357026285253,4.94121170073298));
#1196=CARTESIAN_POINT('Ctrl Pts',(0.,-2.10357026285253,4.94121170073298));
#1197=CARTESIAN_POINT('Ctrl Pts',(2.10357026285253,-2.10357026285253,4.94121170073298));
#1198=CARTESIAN_POINT('Ctrl Pts',(2.10357026285253,0.,4.94121170073298));
#1199=CARTESIAN_POINT('Ctrl Pts',(2.38161076597201,0.,4.93917620336829));
#1200=CARTESIAN_POINT('Ctrl Pts',(2.38161076597201,2.38161076597201,4.93917620336829));
#1201=CARTESIAN_POINT('Ctrl Pts',(0.,2.38161076597201,4.93917620336829));
#1202=CARTESIAN_POINT('Ctrl Pts',(-2.38161076597201,2.38161076597201,4.93917620336829));
#1203=CARTESIAN_POINT('Ctrl Pts',(-2.38161076597201,0.,4.93917620336829));
#1204=CARTESIAN_POINT('Ctrl Pts',(-2.38161076597201,-2.38161076597201,4.93917620336829));
#1205=CARTESIAN_POINT('Ctrl Pts',(0.,-2.38161076597201,4.93917620336829));
#1206=CARTESIAN_POINT('Ctrl Pts',(2.38161076597201,-2.38161076597201,4.93917620336829));
#1207=CARTESIAN_POINT('Ctrl Pts',(2.38161076597201,0.,4.93917620336829));
#1208=CARTESIAN_POINT('Ctrl Pts',(2.86742271315383,0.,4.93003151216417));
#1209=CARTESIAN_POINT('Ctrl Pts',(2.86742271315383,2.86742271315383,4.93003151216417));
#1210=CARTESIAN_POINT('Ctrl Pts',(0.,2.86742271315383,4.93003151216417));
#1211=CARTESIAN_POINT('Ctrl Pts',(-2.86742271315383,2.86742271315383,4.93003151216417));
#1212=CARTESIAN_POINT('Ctrl Pts',(-2.86742271315383,0.,4.93003151216417));
#1213=CARTESIAN_POINT('Ctrl Pts',(-2.86742271315383,-2.86742271315383,4.93003151216417));
#1214=CARTESIAN_POINT('Ctrl Pts',(0.,-2.86742271315383,4.93003151216417));
#1215=CARTESIAN_POINT('Ctrl Pts',(2.86742271315383,-2.86742271315383,4.93003151216417));
#1216=CARTESIAN_POINT('Ctrl Pts',(2.86742271315383,0.,4.93003151216417));
#1217=CARTESIAN_POINT('Ctrl Pts',(3.68278038524415,0.,4.90069721484598));
#1218=CARTESIAN_POINT('Ctrl Pts',(3.68278038524415,3.68278038524415,4.90069721484598));
#1219=CARTESIAN_POINT('Ctrl Pts',(0.,3.68278038524415,4.90069721484598));
#1220=CARTESIAN_POINT('Ctrl Pts',(-3.68278038524415,3.68278038524415,4.90069721484598));
#1221=CARTESIAN_POINT('Ctrl Pts',(-3.68278038524415,0.,4.90069721484598));
#1222=CARTESIAN_POINT('Ctrl Pts',(-3.68278038524415,-3.68278038524415,4.90069721484598));
#1223=CARTESIAN_POINT('Ctrl Pts',(0.,-3.68278038524415,4.90069721484598));
#1224=CARTESIAN_POINT('Ctrl Pts',(3.68278038524415,-3.68278038524415,4.90069721484598));
#1225=CARTESIAN_POINT('Ctrl Pts',(3.68278038524415,0.,4.90069721484598));
#1226=CARTESIAN_POINT('Ctrl Pts',(5.1250763385788,0.,4.80614435992519));
#1227=CARTESIAN_POINT('Ctrl Pts',(5.1250763385788,5.1250763385788,4.80614435992519));
#1228=CARTESIAN_POINT('Ctrl Pts',(0.,5.1250763385788,4.80614435992519));
#1229=CARTESIAN_POINT('Ctrl Pts',(-5.1250763385788,5.1250763385788,4.80614435992519));
#1230=CARTESIAN_POINT('Ctrl Pts',(-5.1250763385788,0.,4.80614435992519));
#1231=CARTESIAN_POINT('Ctrl Pts',(-5.1250763385788,-5.1250763385788,4.80614435992519));
#1232=CARTESIAN_POINT('Ctrl Pts',(0.,-5.1250763385788,4.80614435992519));
#1233=CARTESIAN_POINT('Ctrl Pts',(5.1250763385788,-5.1250763385788,4.80614435992519));
#1234=CARTESIAN_POINT('Ctrl Pts',(5.1250763385788,0.,4.80614435992519));
#1235=CARTESIAN_POINT('Ctrl Pts',(7.04619196732245,0.,4.61092654817831));
#1236=CARTESIAN_POINT('Ctrl Pts',(7.04619196732245,7.04619196732245,4.61092654817831));
#1237=CARTESIAN_POINT('Ctrl Pts',(0.,7.04619196732245,4.61092654817831));
#1238=CARTESIAN_POINT('Ctrl Pts',(-7.04619196732245,7.04619196732245,4.61092654817831));
#1239=CARTESIAN_POINT('Ctrl Pts',(-7.04619196732245,0.,4.61092654817831));
#1240=CARTESIAN_POINT('Ctrl Pts',(-7.04619196732245,-7.04619196732245,4.61092654817831));
#1241=CARTESIAN_POINT('Ctrl Pts',(0.,-7.04619196732245,4.61092654817831));
#1242=CARTESIAN_POINT('Ctrl Pts',(7.04619196732245,-7.04619196732245,4.61092654817831));
#1243=CARTESIAN_POINT('Ctrl Pts',(7.04619196732245,0.,4.61092654817831));
#1244=CARTESIAN_POINT('Ctrl Pts',(9.38722106689735,0.,4.26984261473264));
#1245=CARTESIAN_POINT('Ctrl Pts',(9.38722106689735,9.38722106689735,4.26984261473264));
#1246=CARTESIAN_POINT('Ctrl Pts',(0.,9.38722106689735,4.26984261473264));
#1247=CARTESIAN_POINT('Ctrl Pts',(-9.38722106689735,9.38722106689735,4.26984261473264));
#1248=CARTESIAN_POINT('Ctrl Pts',(-9.38722106689735,0.,4.26984261473264));
#1249=CARTESIAN_POINT('Ctrl Pts',(-9.38722106689735,-9.38722106689735,4.26984261473264));
#1250=CARTESIAN_POINT('Ctrl Pts',(0.,-9.38722106689735,4.26984261473264));
#1251=CARTESIAN_POINT('Ctrl Pts',(9.38722106689735,-9.38722106689735,4.26984261473264));
#1252=CARTESIAN_POINT('Ctrl Pts',(9.38722106689735,0.,4.26984261473264));
#1253=CARTESIAN_POINT('Ctrl Pts',(11.6256597989399,0.,3.73072617057086));
#1254=CARTESIAN_POINT('Ctrl Pts',(11.6256597989399,11.6256597989399,3.73072617057086));
#1255=CARTESIAN_POINT('Ctrl Pts',(0.,11.6256597989399,3.73072617057086));
#1256=CARTESIAN_POINT('Ctrl Pts',(-11.6256597989399,11.6256597989399,3.73072617057086));
#1257=CARTESIAN_POINT('Ctrl Pts',(-11.6256597989399,0.,3.73072617057086));
#1258=CARTESIAN_POINT('Ctrl Pts',(-11.6256597989399,-11.6256597989399,3.73072617057086));
#1259=CARTESIAN_POINT('Ctrl Pts',(0.,-11.6256597989399,3.73072617057086));
#1260=CARTESIAN_POINT('Ctrl Pts',(11.6256597989399,-11.6256597989399,3.73072617057086));
#1261=CARTESIAN_POINT('Ctrl Pts',(11.6256597989399,0.,3.73072617057086));
#1262=CARTESIAN_POINT('Ctrl Pts',(13.189327904667,0.,2.9739898469218));
#1263=CARTESIAN_POINT('Ctrl Pts',(13.189327904667,13.189327904667,2.9739898469218));
#1264=CARTESIAN_POINT('Ctrl Pts',(0.,13.189327904667,2.9739898469218));
#1265=CARTESIAN_POINT('Ctrl Pts',(-13.189327904667,13.189327904667,2.9739898469218));
#1266=CARTESIAN_POINT('Ctrl Pts',(-13.189327904667,0.,2.9739898469218));
#1267=CARTESIAN_POINT('Ctrl Pts',(-13.189327904667,-13.189327904667,2.9739898469218));
#1268=CARTESIAN_POINT('Ctrl Pts',(0.,-13.189327904667,2.9739898469218));
#1269=CARTESIAN_POINT('Ctrl Pts',(13.189327904667,-13.189327904667,2.9739898469218));
#1270=CARTESIAN_POINT('Ctrl Pts',(13.189327904667,0.,2.9739898469218));
#1271=CARTESIAN_POINT('Ctrl Pts',(14.1339123265164,0.,2.03212329669519));
#1272=CARTESIAN_POINT('Ctrl Pts',(14.1339123265164,14.1339123265164,2.03212329669519));
#1273=CARTESIAN_POINT('Ctrl Pts',(0.,14.1339123265164,2.03212329669519));
#1274=CARTESIAN_POINT('Ctrl Pts',(-14.1339123265164,14.1339123265164,2.03212329669519));
#1275=CARTESIAN_POINT('Ctrl Pts',(-14.1339123265164,0.,2.03212329669519));
#1276=CARTESIAN_POINT('Ctrl Pts',(-14.1339123265164,-14.1339123265164,2.03212329669519));
#1277=CARTESIAN_POINT('Ctrl Pts',(0.,-14.1339123265164,2.03212329669519));
#1278=CARTESIAN_POINT('Ctrl Pts',(14.1339123265164,-14.1339123265164,2.03212329669519));
#1279=CARTESIAN_POINT('Ctrl Pts',(14.1339123265164,0.,2.03212329669519));
#1280=CARTESIAN_POINT('Ctrl Pts',(14.5489934731345,0.,1.16658413519671));
#1281=CARTESIAN_POINT('Ctrl Pts',(14.5489934731345,14.5489934731345,1.16658413519671));
#1282=CARTESIAN_POINT('Ctrl Pts',(0.,14.5489934731345,1.16658413519671));
#1283=CARTESIAN_POINT('Ctrl Pts',(-14.5489934731345,14.5489934731345,1.16658413519671));
#1284=CARTESIAN_POINT('Ctrl Pts',(-14.5489934731345,0.,1.16658413519671));
#1285=CARTESIAN_POINT('Ctrl Pts',(-14.5489934731345,-14.5489934731345,1.16658413519671));
#1286=CARTESIAN_POINT('Ctrl Pts',(0.,-14.5489934731345,1.16658413519671));
#1287=CARTESIAN_POINT('Ctrl Pts',(14.5489934731345,-14.5489934731345,1.16658413519671));
#1288=CARTESIAN_POINT('Ctrl Pts',(14.5489934731345,0.,1.16658413519671));
#1289=CARTESIAN_POINT('Ctrl Pts',(14.7949263771788,0.,0.474091945774589));
#1290=CARTESIAN_POINT('Ctrl Pts',(14.7949263771788,14.7949263771788,0.474091945774589));
#1291=CARTESIAN_POINT('Ctrl Pts',(0.,14.7949263771788,0.474091945774589));
#1292=CARTESIAN_POINT('Ctrl Pts',(-14.7949263771788,14.7949263771788,0.474091945774589));
#1293=CARTESIAN_POINT('Ctrl Pts',(-14.7949263771788,0.,0.474091945774589));
#1294=CARTESIAN_POINT('Ctrl Pts',(-14.7949263771788,-14.7949263771788,0.474091945774589));
#1295=CARTESIAN_POINT('Ctrl Pts',(0.,-14.7949263771788,0.474091945774589));
#1296=CARTESIAN_POINT('Ctrl Pts',(14.7949263771788,-14.7949263771788,0.474091945774589));
#1297=CARTESIAN_POINT('Ctrl Pts',(14.7949263771788,0.,0.474091945774589));
#1298=CARTESIAN_POINT('Ctrl Pts',(14.9482479545097,0.,-0.00413928505895486));
#1299=CARTESIAN_POINT('Ctrl Pts',(14.9482479545097,14.9482479545097,-0.00413928505895486));
#1300=CARTESIAN_POINT('Ctrl Pts',(0.,14.9482479545097,-0.004139285058955));
#1301=CARTESIAN_POINT('Ctrl Pts',(-14.9482479545097,14.9482479545097,-0.00413928505895514));
#1302=CARTESIAN_POINT('Ctrl Pts',(-14.9482479545097,0.,-0.00413928505895514));
#1303=CARTESIAN_POINT('Ctrl Pts',(-14.9482479545097,-14.9482479545097,-0.00413928505895514));
#1304=CARTESIAN_POINT('Ctrl Pts',(0.,-14.9482479545097,-0.004139285058955));
#1305=CARTESIAN_POINT('Ctrl Pts',(14.9482479545097,-14.9482479545097,-0.00413928505895486));
#1306=CARTESIAN_POINT('Ctrl Pts',(14.9482479545097,0.,-0.00413928505895486));
#1307=CARTESIAN_POINT('Ctrl Pts',(15.0223192332056,0.,-0.247393618315274));
#1308=CARTESIAN_POINT('Ctrl Pts',(15.0223192332056,15.0223192332056,-0.247393618315274));
#1309=CARTESIAN_POINT('Ctrl Pts',(0.,15.0223192332056,-0.247393618315274));
#1310=CARTESIAN_POINT('Ctrl Pts',(-15.0223192332056,15.0223192332056,-0.247393618315274));
#1311=CARTESIAN_POINT('Ctrl Pts',(-15.0223192332056,0.,-0.247393618315274));
#1312=CARTESIAN_POINT('Ctrl Pts',(-15.0223192332056,-15.0223192332056,-0.247393618315274));
#1313=CARTESIAN_POINT('Ctrl Pts',(0.,-15.0223192332056,-0.247393618315274));
#1314=CARTESIAN_POINT('Ctrl Pts',(15.0223192332056,-15.0223192332056,-0.247393618315274));
#1315=CARTESIAN_POINT('Ctrl Pts',(15.0223192332056,0.,-0.247393618315274));
#1316=CARTESIAN_POINT('',(1.11022302462516E-15,4.04145188432738,4.87129170472669));
#1317=CARTESIAN_POINT('',(-1.00000001490116,3.46410160653457,4.89579771831277));
#1318=CARTESIAN_POINT('Ctrl Pts',(1.17961196366423E-15,4.04145188432738,
4.8712917047267));
#1319=CARTESIAN_POINT('Ctrl Pts',(-0.20884826996044,3.92087327944593,4.87870362726553));
#1320=CARTESIAN_POINT('Ctrl Pts',(-0.417588888981672,3.80035682686322,4.88460105912801));
#1321=CARTESIAN_POINT('Ctrl Pts',(-0.750994458107601,3.60786503177904,4.89182778916916));
#1322=CARTESIAN_POINT('Ctrl Pts',(-0.875518468264865,3.53597106099417,4.89404169579847));
#1323=CARTESIAN_POINT('Ctrl Pts',(-1.00000001490116,3.46410160653457,4.89579771831277));
#1324=CARTESIAN_POINT('',(-1.00000001490116,14.9118533600554,0.));
#1325=CARTESIAN_POINT('Ctrl Pts',(-1.00000001490116,14.9118533600554,2.77555756156289E-16));
#1326=CARTESIAN_POINT('Ctrl Pts',(-1.00000001490116,14.5680561196175,1.07852284121295));
#1327=CARTESIAN_POINT('Ctrl Pts',(-1.00000001479717,14.2639430147824,1.67685309982898));
#1328=CARTESIAN_POINT('Ctrl Pts',(-1.00000001479717,13.5718402186681,2.51240113926226));
#1329=CARTESIAN_POINT('Ctrl Pts',(-1.00000001448512,13.1703874786947,2.85502721818578));
#1330=CARTESIAN_POINT('Ctrl Pts',(-1.00000001448512,11.9112874611112,3.54466253737041));
#1331=CARTESIAN_POINT('Ctrl Pts',(-1.00000001490116,11.0618620459316,3.82452583587896));
#1332=CARTESIAN_POINT('Ctrl Pts',(-1.00000001490116,8.21045761669331,4.49385891981671));
#1333=CARTESIAN_POINT('Ctrl Pts',(-1.00000001490116,5.65839933368687,4.78856895727894));
#1334=CARTESIAN_POINT('Ctrl Pts',(-1.00000001490116,3.46410160653456,4.89579771831277));
#1335=CARTESIAN_POINT('',(1.00000001490116,14.9118533600554,0.));
#1336=CARTESIAN_POINT('Ctrl Pts',(1.00000001490116,14.9118533600554,2.77555756156289E-16));
#1337=CARTESIAN_POINT('Ctrl Pts',(0.798196992617547,14.9253864213334,2.77555756156289E-16));
#1338=CARTESIAN_POINT('Ctrl Pts',(0.595962156245906,14.9348335328953,1.66533453693773E-15));
#1339=CARTESIAN_POINT('Ctrl Pts',(-0.0720447560355424,14.9524240619475,
1.66533453693773E-15));
#1340=CARTESIAN_POINT('Ctrl Pts',(-0.537014895364044,14.942901487693,2.77555756156289E-16));
#1341=CARTESIAN_POINT('Ctrl Pts',(-1.00000001490116,14.9118533600554,2.77555756156289E-16));
#1342=CARTESIAN_POINT('',(1.00000001490116,3.46410160653457,4.89579771831277));
#1343=CARTESIAN_POINT('Ctrl Pts',(1.00000001490116,3.46410160653457,4.89579771831277));
#1344=CARTESIAN_POINT('Ctrl Pts',(1.00000001490116,5.79391414872852,4.78194675394762));
#1345=CARTESIAN_POINT('Ctrl Pts',(1.00000001491771,8.77353524595869,4.44785607223981));
#1346=CARTESIAN_POINT('Ctrl Pts',(1.00000001491771,11.7891213390894,3.5872628572081));
#1347=CARTESIAN_POINT('Ctrl Pts',(1.00000001490116,12.5498319879926,3.25544652079943));
#1348=CARTESIAN_POINT('Ctrl Pts',(1.00000001490116,13.6256384059455,2.47762173543354));
#1349=CARTESIAN_POINT('Ctrl Pts',(1.00000001574472,13.9539949042712,2.09333907301831));
#1350=CARTESIAN_POINT('Ctrl Pts',(1.00000001574472,14.40684799838,1.35135892344936));
#1351=CARTESIAN_POINT('Ctrl Pts',(1.00000001490116,14.6310749604515,0.880827073848024));
#1352=CARTESIAN_POINT('Ctrl Pts',(1.00000001490116,14.9118533600554,-8.32667268468867E-16));
#1353=CARTESIAN_POINT('Ctrl Pts',(1.00000001490116,3.46410160653457,4.89579771831277));
#1354=CARTESIAN_POINT('Ctrl Pts',(0.921259777288506,3.50956230391629,4.89468695423757));
#1355=CARTESIAN_POINT('Ctrl Pts',(0.8425550271629,3.55500251254857,4.89339380905283));
#1356=CARTESIAN_POINT('Ctrl Pts',(0.509091875229759,3.74752755308199,4.88711247680025));
#1357=CARTESIAN_POINT('Ctrl Pts',(0.254675963533721,3.89441464822506,4.88033002960517));
#1358=CARTESIAN_POINT('Ctrl Pts',(1.07552855510562E-15,4.04145188432738,
4.87129170472669));
#1359=CARTESIAN_POINT('Ctrl Pts',(1.97595823247542,0.,4.94121170073298));
#1360=CARTESIAN_POINT('Ctrl Pts',(1.97595823247542,1.97595823247542,4.94121170073298));
#1361=CARTESIAN_POINT('Ctrl Pts',(0.,1.97595823247542,4.94121170073298));
#1362=CARTESIAN_POINT('Ctrl Pts',(-1.97595823247542,1.97595823247542,4.94121170073298));
#1363=CARTESIAN_POINT('Ctrl Pts',(-1.97595823247542,0.,4.94121170073298));
#1364=CARTESIAN_POINT('Ctrl Pts',(-1.97595823247542,-1.97595823247542,4.94121170073298));
#1365=CARTESIAN_POINT('Ctrl Pts',(0.,-1.97595823247542,4.94121170073298));
#1366=CARTESIAN_POINT('Ctrl Pts',(1.97595823247542,-1.97595823247542,4.94121170073298));
#1367=CARTESIAN_POINT('Ctrl Pts',(1.97595823247542,0.,4.94121170073298));
#1368=CARTESIAN_POINT('Ctrl Pts',(2.10357026285253,0.,4.94121170073298));
#1369=CARTESIAN_POINT('Ctrl Pts',(2.10357026285253,2.10357026285253,4.94121170073298));
#1370=CARTESIAN_POINT('Ctrl Pts',(0.,2.10357026285253,4.94121170073298));
#1371=CARTESIAN_POINT('Ctrl Pts',(-2.10357026285253,2.10357026285253,4.94121170073298));
#1372=CARTESIAN_POINT('Ctrl Pts',(-2.10357026285253,0.,4.94121170073298));
#1373=CARTESIAN_POINT('Ctrl Pts',(-2.10357026285253,-2.10357026285253,4.94121170073298));
#1374=CARTESIAN_POINT('Ctrl Pts',(0.,-2.10357026285253,4.94121170073298));
#1375=CARTESIAN_POINT('Ctrl Pts',(2.10357026285253,-2.10357026285253,4.94121170073298));
#1376=CARTESIAN_POINT('Ctrl Pts',(2.10357026285253,0.,4.94121170073298));
#1377=CARTESIAN_POINT('Ctrl Pts',(2.38161076597201,0.,4.93917620336829));
#1378=CARTESIAN_POINT('Ctrl Pts',(2.38161076597201,2.38161076597201,4.93917620336829));
#1379=CARTESIAN_POINT('Ctrl Pts',(0.,2.38161076597201,4.93917620336829));
#1380=CARTESIAN_POINT('Ctrl Pts',(-2.38161076597201,2.38161076597201,4.93917620336829));
#1381=CARTESIAN_POINT('Ctrl Pts',(-2.38161076597201,0.,4.93917620336829));
#1382=CARTESIAN_POINT('Ctrl Pts',(-2.38161076597201,-2.38161076597201,4.93917620336829));
#1383=CARTESIAN_POINT('Ctrl Pts',(0.,-2.38161076597201,4.93917620336829));
#1384=CARTESIAN_POINT('Ctrl Pts',(2.38161076597201,-2.38161076597201,4.93917620336829));
#1385=CARTESIAN_POINT('Ctrl Pts',(2.38161076597201,0.,4.93917620336829));
#1386=CARTESIAN_POINT('Ctrl Pts',(2.86742271315383,0.,4.93003151216417));
#1387=CARTESIAN_POINT('Ctrl Pts',(2.86742271315383,2.86742271315383,4.93003151216417));
#1388=CARTESIAN_POINT('Ctrl Pts',(0.,2.86742271315383,4.93003151216417));
#1389=CARTESIAN_POINT('Ctrl Pts',(-2.86742271315383,2.86742271315383,4.93003151216417));
#1390=CARTESIAN_POINT('Ctrl Pts',(-2.86742271315383,0.,4.93003151216417));
#1391=CARTESIAN_POINT('Ctrl Pts',(-2.86742271315383,-2.86742271315383,4.93003151216417));
#1392=CARTESIAN_POINT('Ctrl Pts',(0.,-2.86742271315383,4.93003151216417));
#1393=CARTESIAN_POINT('Ctrl Pts',(2.86742271315383,-2.86742271315383,4.93003151216417));
#1394=CARTESIAN_POINT('Ctrl Pts',(2.86742271315383,0.,4.93003151216417));
#1395=CARTESIAN_POINT('Ctrl Pts',(3.68278038524415,0.,4.90069721484598));
#1396=CARTESIAN_POINT('Ctrl Pts',(3.68278038524415,3.68278038524415,4.90069721484598));
#1397=CARTESIAN_POINT('Ctrl Pts',(0.,3.68278038524415,4.90069721484598));
#1398=CARTESIAN_POINT('Ctrl Pts',(-3.68278038524415,3.68278038524415,4.90069721484598));
#1399=CARTESIAN_POINT('Ctrl Pts',(-3.68278038524415,0.,4.90069721484598));
#1400=CARTESIAN_POINT('Ctrl Pts',(-3.68278038524415,-3.68278038524415,4.90069721484598));
#1401=CARTESIAN_POINT('Ctrl Pts',(0.,-3.68278038524415,4.90069721484598));
#1402=CARTESIAN_POINT('Ctrl Pts',(3.68278038524415,-3.68278038524415,4.90069721484598));
#1403=CARTESIAN_POINT('Ctrl Pts',(3.68278038524415,0.,4.90069721484598));
#1404=CARTESIAN_POINT('Ctrl Pts',(5.1250763385788,0.,4.80614435992519));
#1405=CARTESIAN_POINT('Ctrl Pts',(5.1250763385788,5.1250763385788,4.80614435992519));
#1406=CARTESIAN_POINT('Ctrl Pts',(0.,5.1250763385788,4.80614435992519));
#1407=CARTESIAN_POINT('Ctrl Pts',(-5.1250763385788,5.1250763385788,4.80614435992519));
#1408=CARTESIAN_POINT('Ctrl Pts',(-5.1250763385788,0.,4.80614435992519));
#1409=CARTESIAN_POINT('Ctrl Pts',(-5.1250763385788,-5.1250763385788,4.80614435992519));
#1410=CARTESIAN_POINT('Ctrl Pts',(0.,-5.1250763385788,4.80614435992519));
#1411=CARTESIAN_POINT('Ctrl Pts',(5.1250763385788,-5.1250763385788,4.80614435992519));
#1412=CARTESIAN_POINT('Ctrl Pts',(5.1250763385788,0.,4.80614435992519));
#1413=CARTESIAN_POINT('Ctrl Pts',(7.04619196732245,0.,4.61092654817831));
#1414=CARTESIAN_POINT('Ctrl Pts',(7.04619196732245,7.04619196732245,4.61092654817831));
#1415=CARTESIAN_POINT('Ctrl Pts',(0.,7.04619196732245,4.61092654817831));
#1416=CARTESIAN_POINT('Ctrl Pts',(-7.04619196732245,7.04619196732245,4.61092654817831));
#1417=CARTESIAN_POINT('Ctrl Pts',(-7.04619196732245,0.,4.61092654817831));
#1418=CARTESIAN_POINT('Ctrl Pts',(-7.04619196732245,-7.04619196732245,4.61092654817831));
#1419=CARTESIAN_POINT('Ctrl Pts',(0.,-7.04619196732245,4.61092654817831));
#1420=CARTESIAN_POINT('Ctrl Pts',(7.04619196732245,-7.04619196732245,4.61092654817831));
#1421=CARTESIAN_POINT('Ctrl Pts',(7.04619196732245,0.,4.61092654817831));
#1422=CARTESIAN_POINT('Ctrl Pts',(9.38722106689735,0.,4.26984261473264));
#1423=CARTESIAN_POINT('Ctrl Pts',(9.38722106689735,9.38722106689735,4.26984261473264));
#1424=CARTESIAN_POINT('Ctrl Pts',(0.,9.38722106689735,4.26984261473264));
#1425=CARTESIAN_POINT('Ctrl Pts',(-9.38722106689735,9.38722106689735,4.26984261473264));
#1426=CARTESIAN_POINT('Ctrl Pts',(-9.38722106689735,0.,4.26984261473264));
#1427=CARTESIAN_POINT('Ctrl Pts',(-9.38722106689735,-9.38722106689735,4.26984261473264));
#1428=CARTESIAN_POINT('Ctrl Pts',(0.,-9.38722106689735,4.26984261473264));
#1429=CARTESIAN_POINT('Ctrl Pts',(9.38722106689735,-9.38722106689735,4.26984261473264));
#1430=CARTESIAN_POINT('Ctrl Pts',(9.38722106689735,0.,4.26984261473264));
#1431=CARTESIAN_POINT('Ctrl Pts',(11.6256597989399,0.,3.73072617057086));
#1432=CARTESIAN_POINT('Ctrl Pts',(11.6256597989399,11.6256597989399,3.73072617057086));
#1433=CARTESIAN_POINT('Ctrl Pts',(0.,11.6256597989399,3.73072617057086));
#1434=CARTESIAN_POINT('Ctrl Pts',(-11.6256597989399,11.6256597989399,3.73072617057086));
#1435=CARTESIAN_POINT('Ctrl Pts',(-11.6256597989399,0.,3.73072617057086));
#1436=CARTESIAN_POINT('Ctrl Pts',(-11.6256597989399,-11.6256597989399,3.73072617057086));
#1437=CARTESIAN_POINT('Ctrl Pts',(0.,-11.6256597989399,3.73072617057086));
#1438=CARTESIAN_POINT('Ctrl Pts',(11.6256597989399,-11.6256597989399,3.73072617057086));
#1439=CARTESIAN_POINT('Ctrl Pts',(11.6256597989399,0.,3.73072617057086));
#1440=CARTESIAN_POINT('Ctrl Pts',(13.189327904667,0.,2.9739898469218));
#1441=CARTESIAN_POINT('Ctrl Pts',(13.189327904667,13.189327904667,2.9739898469218));
#1442=CARTESIAN_POINT('Ctrl Pts',(0.,13.189327904667,2.9739898469218));
#1443=CARTESIAN_POINT('Ctrl Pts',(-13.189327904667,13.189327904667,2.9739898469218));
#1444=CARTESIAN_POINT('Ctrl Pts',(-13.189327904667,0.,2.9739898469218));
#1445=CARTESIAN_POINT('Ctrl Pts',(-13.189327904667,-13.189327904667,2.9739898469218));
#1446=CARTESIAN_POINT('Ctrl Pts',(0.,-13.189327904667,2.9739898469218));
#1447=CARTESIAN_POINT('Ctrl Pts',(13.189327904667,-13.189327904667,2.9739898469218));
#1448=CARTESIAN_POINT('Ctrl Pts',(13.189327904667,0.,2.9739898469218));
#1449=CARTESIAN_POINT('Ctrl Pts',(14.1339123265164,0.,2.03212329669519));
#1450=CARTESIAN_POINT('Ctrl Pts',(14.1339123265164,14.1339123265164,2.03212329669519));
#1451=CARTESIAN_POINT('Ctrl Pts',(0.,14.1339123265164,2.03212329669519));
#1452=CARTESIAN_POINT('Ctrl Pts',(-14.1339123265164,14.1339123265164,2.03212329669519));
#1453=CARTESIAN_POINT('Ctrl Pts',(-14.1339123265164,0.,2.03212329669519));
#1454=CARTESIAN_POINT('Ctrl Pts',(-14.1339123265164,-14.1339123265164,2.03212329669519));
#1455=CARTESIAN_POINT('Ctrl Pts',(0.,-14.1339123265164,2.03212329669519));
#1456=CARTESIAN_POINT('Ctrl Pts',(14.1339123265164,-14.1339123265164,2.03212329669519));
#1457=CARTESIAN_POINT('Ctrl Pts',(14.1339123265164,0.,2.03212329669519));
#1458=CARTESIAN_POINT('Ctrl Pts',(14.5489934731345,0.,1.16658413519671));
#1459=CARTESIAN_POINT('Ctrl Pts',(14.5489934731345,14.5489934731345,1.16658413519671));
#1460=CARTESIAN_POINT('Ctrl Pts',(0.,14.5489934731345,1.16658413519671));
#1461=CARTESIAN_POINT('Ctrl Pts',(-14.5489934731345,14.5489934731345,1.16658413519671));
#1462=CARTESIAN_POINT('Ctrl Pts',(-14.5489934731345,0.,1.16658413519671));
#1463=CARTESIAN_POINT('Ctrl Pts',(-14.5489934731345,-14.5489934731345,1.16658413519671));
#1464=CARTESIAN_POINT('Ctrl Pts',(0.,-14.5489934731345,1.16658413519671));
#1465=CARTESIAN_POINT('Ctrl Pts',(14.5489934731345,-14.5489934731345,1.16658413519671));
#1466=CARTESIAN_POINT('Ctrl Pts',(14.5489934731345,0.,1.16658413519671));
#1467=CARTESIAN_POINT('Ctrl Pts',(14.7949263771788,0.,0.474091945774589));
#1468=CARTESIAN_POINT('Ctrl Pts',(14.7949263771788,14.7949263771788,0.474091945774589));
#1469=CARTESIAN_POINT('Ctrl Pts',(0.,14.7949263771788,0.474091945774589));
#1470=CARTESIAN_POINT('Ctrl Pts',(-14.7949263771788,14.7949263771788,0.474091945774589));
#1471=CARTESIAN_POINT('Ctrl Pts',(-14.7949263771788,0.,0.474091945774589));
#1472=CARTESIAN_POINT('Ctrl Pts',(-14.7949263771788,-14.7949263771788,0.474091945774589));
#1473=CARTESIAN_POINT('Ctrl Pts',(0.,-14.7949263771788,0.474091945774589));
#1474=CARTESIAN_POINT('Ctrl Pts',(14.7949263771788,-14.7949263771788,0.474091945774589));
#1475=CARTESIAN_POINT('Ctrl Pts',(14.7949263771788,0.,0.474091945774589));
#1476=CARTESIAN_POINT('Ctrl Pts',(14.9482479545097,0.,-0.00413928505895486));
#1477=CARTESIAN_POINT('Ctrl Pts',(14.9482479545097,14.9482479545097,-0.00413928505895486));
#1478=CARTESIAN_POINT('Ctrl Pts',(0.,14.9482479545097,-0.004139285058955));
#1479=CARTESIAN_POINT('Ctrl Pts',(-14.9482479545097,14.9482479545097,-0.00413928505895514));
#1480=CARTESIAN_POINT('Ctrl Pts',(-14.9482479545097,0.,-0.00413928505895514));
#1481=CARTESIAN_POINT('Ctrl Pts',(-14.9482479545097,-14.9482479545097,-0.00413928505895514));
#1482=CARTESIAN_POINT('Ctrl Pts',(0.,-14.9482479545097,-0.004139285058955));
#1483=CARTESIAN_POINT('Ctrl Pts',(14.9482479545097,-14.9482479545097,-0.00413928505895486));
#1484=CARTESIAN_POINT('Ctrl Pts',(14.9482479545097,0.,-0.00413928505895486));
#1485=CARTESIAN_POINT('Ctrl Pts',(15.0223192332056,0.,-0.247393618315274));
#1486=CARTESIAN_POINT('Ctrl Pts',(15.0223192332056,15.0223192332056,-0.247393618315274));
#1487=CARTESIAN_POINT('Ctrl Pts',(0.,15.0223192332056,-0.247393618315274));
#1488=CARTESIAN_POINT('Ctrl Pts',(-15.0223192332056,15.0223192332056,-0.247393618315274));
#1489=CARTESIAN_POINT('Ctrl Pts',(-15.0223192332056,0.,-0.247393618315274));
#1490=CARTESIAN_POINT('Ctrl Pts',(-15.0223192332056,-15.0223192332056,-0.247393618315274));
#1491=CARTESIAN_POINT('Ctrl Pts',(0.,-15.0223192332056,-0.247393618315274));
#1492=CARTESIAN_POINT('Ctrl Pts',(15.0223192332056,-15.0223192332056,-0.247393618315274));
#1493=CARTESIAN_POINT('Ctrl Pts',(15.0223192332056,0.,-0.247393618315274));
#1494=CARTESIAN_POINT('',(-14.9118533600554,-1.00000001490116,0.));
#1495=CARTESIAN_POINT('Ctrl Pts',(-14.9118533600554,-1.00000001490116,-8.32667268468867E-16));
#1496=CARTESIAN_POINT('Ctrl Pts',(-14.5692154026723,-1.00000001490116,1.07488606608221));
#1497=CARTESIAN_POINT('Ctrl Pts',(-14.266663694115,-1.00000001480591,1.67083897056965));
#1498=CARTESIAN_POINT('Ctrl Pts',(-13.5797356045881,-1.00000001480591,2.5049768289176));
#1499=CARTESIAN_POINT('Ctrl Pts',(-13.1793443732198,-1.00000001448345,2.84874261723138));
#1500=CARTESIAN_POINT('Ctrl Pts',(-11.9962439043204,-1.00000001448345,3.499620400097));
#1501=CARTESIAN_POINT('Ctrl Pts',(-11.1949083518881,-1.00000001490117,3.79186967391203));
#1502=CARTESIAN_POINT('Ctrl Pts',(-8.23343832241583,-1.00000001490117,4.49088198521224));
#1503=CARTESIAN_POINT('Ctrl Pts',(-5.68429039926138,-1.00000001490116,4.78538942065367));
#1504=CARTESIAN_POINT('Ctrl Pts',(-3.5,-1.00000001490116,4.8940278579349));
#1505=CARTESIAN_POINT('',(-14.9118533600554,1.00000001490116,0.));
#1506=CARTESIAN_POINT('Ctrl Pts',(-14.9118533600554,1.00000001490116,2.77555756156289E-16));
#1507=CARTESIAN_POINT('Ctrl Pts',(-14.9210180494591,0.863337512458055,2.77555756156289E-16));
#1508=CARTESIAN_POINT('Ctrl Pts',(-14.9283093016069,0.726470605184447,1.66533453693773E-15));
#1509=CARTESIAN_POINT('Ctrl Pts',(-14.9546696720034,0.0586157083998186,
1.66533453693773E-15));
#1510=CARTESIAN_POINT('Ctrl Pts',(-14.9472656355974,-0.471937362741645,
2.77555756156289E-16));
#1511=CARTESIAN_POINT('Ctrl Pts',(-14.9118533600554,-1.00000001490116,2.77555756156289E-16));
#1512=CARTESIAN_POINT('Ctrl Pts',(-3.5,1.00000001490116,4.8940278579349));
#1513=CARTESIAN_POINT('Ctrl Pts',(-5.81856001481611,1.00000001490116,4.77871135201721));
#1514=CARTESIAN_POINT('Ctrl Pts',(-8.80604534848158,1.00000001491365,4.44443115636307));
#1515=CARTESIAN_POINT('Ctrl Pts',(-11.8127491736723,1.00000001491365,3.57771763046428));
#1516=CARTESIAN_POINT('Ctrl Pts',(-12.5671042159399,1.00000001490116,3.24611585864875));
#1517=CARTESIAN_POINT('Ctrl Pts',(-13.634439443902,1.00000001490116,2.46861052007378));
#1518=CARTESIAN_POINT('Ctrl Pts',(-13.9603262395976,1.00000001571086,2.08492627671936));
#1519=CARTESIAN_POINT('Ctrl Pts',(-14.4091764531951,1.00000001571086,1.34590430885653));
#1520=CARTESIAN_POINT('Ctrl Pts',(-14.6321505106871,1.00000001490116,0.877452976096442));
#1521=CARTESIAN_POINT('Ctrl Pts',(-14.9118533600554,1.00000001490116,2.77555756156289E-16));
#1522=CARTESIAN_POINT('Origin',(1.00000001490116,3.46410160653456,0.));
#1523=CARTESIAN_POINT('',(1.00000001490116,15.0000002235174,0.));
#1524=CARTESIAN_POINT('',(1.00000001490116,-15.0000002235174,0.));
#1525=CARTESIAN_POINT('',(1.00000001490116,15.0000002235174,30.));
#1526=CARTESIAN_POINT('',(1.00000001490116,15.0000002235174,0.));
#1527=CARTESIAN_POINT('',(1.00000001490116,3.46410160653457,30.));
#1528=CARTESIAN_POINT('',(1.00000001490116,-15.0000002235174,30.));
#1529=CARTESIAN_POINT('',(1.00000001490116,3.46410160653457,0.));
#1530=CARTESIAN_POINT('Origin',(-1.00000001490116,15.0000002235174,0.));
#1531=CARTESIAN_POINT('',(-1.00000001490116,3.46410160653457,30.));
#1532=CARTESIAN_POINT('',(-1.00000001490116,3.46410160653457,0.));
#1533=CARTESIAN_POINT('',(-1.00000001490116,15.0000002235174,30.));
#1534=CARTESIAN_POINT('',(-1.00000001490116,15.0000002235174,30.));
#1535=CARTESIAN_POINT('',(-1.00000001490116,15.0000002235174,0.));
#1536=CARTESIAN_POINT('',(-1.00000001490116,15.0000002235174,0.));
#1537=CARTESIAN_POINT('',(-1.00000001490116,15.0000002235174,0.));
#1538=CARTESIAN_POINT('Origin',(-1.00000001490116,3.46410160653457,0.));
#1539=CARTESIAN_POINT('',(-3.69855715851499,1.90608891324554,30.));
#1540=CARTESIAN_POINT('',(1.11022302462516E-15,4.04145188432738,0.));
#1541=CARTESIAN_POINT('Origin',(-3.5,1.00000001490116,0.));
#1542=CARTESIAN_POINT('',(-15.0000002235174,1.00000001490116,0.));
#1543=CARTESIAN_POINT('',(-15.0000002235174,1.00000001490116,0.));
#1544=CARTESIAN_POINT('',(-15.0000002235174,1.00000001490116,30.));
#1545=CARTESIAN_POINT('',(-15.0000002235174,1.00000001490116,0.));
#1546=CARTESIAN_POINT('',(-15.0000002235174,1.00000001490116,30.));
#1547=CARTESIAN_POINT('Origin',(-15.0000002235174,-1.00000001490116,0.));
#1548=CARTESIAN_POINT('',(-15.0000002235174,-1.00000001490116,30.));
#1549=CARTESIAN_POINT('',(15.0000002235174,-1.00000001490116,30.));
#1550=CARTESIAN_POINT('',(-15.0000002235174,-1.00000001490116,0.));
#1551=CARTESIAN_POINT('',(-15.0000002235174,-1.00000001490116,0.));
#1552=CARTESIAN_POINT('',(15.0000002235174,-1.00000001490116,0.));
#1553=CARTESIAN_POINT('Origin',(0.,0.,0.));
#1554=CARTESIAN_POINT('',(-15.0000002235174,-1.00000001490116,0.));
#1555=CARTESIAN_POINT('Origin',(0.,0.,0.));
#1556=CARTESIAN_POINT('',(1.00000001490116,-15.0000002235174,0.));
#1557=CARTESIAN_POINT('',(1.00000001490116,-15.0000002235174,0.));
#1558=CARTESIAN_POINT('',(-1.00000001490116,-15.0000002235174,0.));
#1559=CARTESIAN_POINT('',(-1.00000001490116,-15.0000002235174,0.));
#1560=CARTESIAN_POINT('',(-1.00000001490116,15.0000002235174,0.));
#1561=CARTESIAN_POINT('Origin',(0.,0.,0.));
#1562=CARTESIAN_POINT('',(15.0000002235174,1.00000001490116,0.));
#1563=CARTESIAN_POINT('',(-15.0000002235174,1.00000001490116,0.));
#1564=CARTESIAN_POINT('',(15.0000002235174,-1.00000001490116,0.));
#1565=CARTESIAN_POINT('',(15.0000002235174,1.00000001490116,0.));
#1566=CARTESIAN_POINT('',(15.0000002235174,-1.00000001490116,0.));
#1567=CARTESIAN_POINT('Origin',(0.,0.,0.));
#1568=CARTESIAN_POINT('',(1.00000001490116,15.0000002235174,0.));
#1569=CARTESIAN_POINT('Origin',(0.,0.,0.));
#1570=CARTESIAN_POINT('',(-2.,-2.44929359829471E-16,30.));
#1571=CARTESIAN_POINT('Origin',(0.,0.,30.));
#1572=CARTESIAN_POINT('',(-2.,-2.44929359829471E-16,0.));
#1573=CARTESIAN_POINT('Origin',(-15.0000002235174,1.00000001490116,0.));
#1574=CARTESIAN_POINT('',(-15.0000002235174,-1.00000001490116,30.));
#1575=CARTESIAN_POINT('Origin',(1.00000001490116,15.0000002235174,0.));
#1576=CARTESIAN_POINT('',(1.00000001490116,15.0000002235174,30.));
#1577=CARTESIAN_POINT('Origin',(3.5,2.02072594216369,0.));
#1578=CARTESIAN_POINT('',(3.5,2.02072594216369,30.));
#1579=CARTESIAN_POINT('',(3.69855715851499,1.90608891324553,30.));
#1580=CARTESIAN_POINT('',(3.5,2.02072594216369,0.));
#1581=CARTESIAN_POINT('Origin',(3.5,1.00000001490116,0.));
#1582=CARTESIAN_POINT('',(3.5,1.00000001490116,30.));
#1583=CARTESIAN_POINT('',(3.5,2.25,30.));
#1584=CARTESIAN_POINT('',(3.5,1.00000001490116,0.));
#1585=CARTESIAN_POINT('',(3.5,-1.00000001490116,30.));
#1586=CARTESIAN_POINT('',(3.5,-1.00000001490116,0.));
#1587=CARTESIAN_POINT('',(3.5,2.25,30.));
#1588=CARTESIAN_POINT('Origin',(15.0000002235174,1.00000001490116,0.));
#1589=CARTESIAN_POINT('',(15.0000002235174,1.00000001490116,30.));
#1590=CARTESIAN_POINT('',(-15.0000002235174,1.00000001490116,30.));
#1591=CARTESIAN_POINT('',(15.0000002235174,1.00000001490116,0.));
#1592=CARTESIAN_POINT('Origin',(15.0000002235174,-1.00000001490116,0.));
#1593=CARTESIAN_POINT('',(15.0000002235174,-1.00000001490116,30.));
#1594=CARTESIAN_POINT('',(15.0000002235174,1.00000001490116,30.));
#1595=CARTESIAN_POINT('',(15.0000002235174,-1.00000001490116,0.));
#1596=CARTESIAN_POINT('Origin',(3.5,-1.00000001490116,0.));
#1597=CARTESIAN_POINT('',(15.0000002235174,-1.00000001490116,30.));
#1598=CARTESIAN_POINT('Origin',(1.00000001490116,-15.0000002235174,0.));
#1599=CARTESIAN_POINT('',(1.00000001490116,-15.0000002235174,30.));
#1600=CARTESIAN_POINT('',(1.00000001490116,-15.0000002235174,30.));
#1601=CARTESIAN_POINT('',(1.00000001490116,-15.0000002235174,0.));
#1602=CARTESIAN_POINT('Origin',(-1.00000001490116,-15.0000002235174,0.));
#1603=CARTESIAN_POINT('',(-1.00000001490116,-15.0000002235174,30.));
#1604=CARTESIAN_POINT('',(-1.00000001490116,-15.0000002235174,30.));
#1605=CARTESIAN_POINT('',(-1.00000001490116,-15.0000002235174,0.));
#1606=CARTESIAN_POINT('Origin',(-1.00000001490116,-3.46410160653456,0.));
#1607=CARTESIAN_POINT('',(-1.00000001490116,15.0000002235174,30.));
#1608=CARTESIAN_POINT('Origin',(0.,0.,30.));
#1609=UNCERTAINTY_MEASURE_WITH_UNIT(LENGTH_MEASURE(0.01),#1613,
'DISTANCE_ACCURACY_VALUE',
'Maximum model space distance between geometric entities at asserted c
onnectivities');
#1610=UNCERTAINTY_MEASURE_WITH_UNIT(LENGTH_MEASURE(0.01),#1613,
'DISTANCE_ACCURACY_VALUE',
'Maximum model space distance between geometric entities at asserted c
onnectivities');
#1611=(
GEOMETRIC_REPRESENTATION_CONTEXT(3)
GLOBAL_UNCERTAINTY_ASSIGNED_CONTEXT((#1609))
GLOBAL_UNIT_ASSIGNED_CONTEXT((#1613,#1615,#1616))
REPRESENTATION_CONTEXT('','3D')
);
#1612=(
GEOMETRIC_REPRESENTATION_CONTEXT(3)
GLOBAL_UNCERTAINTY_ASSIGNED_CONTEXT((#1610))
GLOBAL_UNIT_ASSIGNED_CONTEXT((#1613,#1615,#1616))
REPRESENTATION_CONTEXT('','3D')
);
#1613=(
LENGTH_UNIT()
NAMED_UNIT(*)
SI_UNIT(.MILLI.,.METRE.)
);
#1614=(
LENGTH_UNIT()
NAMED_UNIT(*)
SI_UNIT($,.METRE.)
);
#1615=(
NAMED_UNIT(*)
PLANE_ANGLE_UNIT()
SI_UNIT($,.RADIAN.)
);
#1616=(
NAMED_UNIT(*)
SI_UNIT($,.STERADIAN.)
SOLID_ANGLE_UNIT()
);
#1617=SHAPE_DEFINITION_REPRESENTATION(#1618,#1619);
#1618=PRODUCT_DEFINITION_SHAPE('',$,#1621);
#1619=SHAPE_REPRESENTATION('',(#597),#1611);
#1620=PRODUCT_DEFINITION_CONTEXT('part definition',#1625,'design');
#1621=PRODUCT_DEFINITION('2026-09-18-10-50-11-663',
'Sensor Divider 3 cm',#1622,#1620);
#1622=PRODUCT_DEFINITION_FORMATION('',$,#1627);
#1623=PRODUCT_RELATED_PRODUCT_CATEGORY('Sensor Divider 3 cm',
'Sensor Divider 3 cm',(#1627));
#1624=APPLICATION_PROTOCOL_DEFINITION('international standard',
'automotive_design',2009,#1625);
#1625=APPLICATION_CONTEXT(
'Core Data for Automotive Mechanical Design Process');
#1626=PRODUCT_CONTEXT('part definition',#1625,'mechanical');
#1627=PRODUCT('2026-09-18-10-50-11-663','Sensor Divider 3 cm',$,(#1626));
#1628=PRESENTATION_STYLE_ASSIGNMENT((#1629));
#1629=SURFACE_STYLE_USAGE(.BOTH.,#1630);
#1630=SURFACE_SIDE_STYLE('',(#1631));
#1631=SURFACE_STYLE_FILL_AREA(#1632);
#1632=FILL_AREA_STYLE('ABS (White)',(#1633));
#1633=FILL_AREA_STYLE_COLOUR('ABS (White)',#1634);
#1634=COLOUR_RGB('ABS (White)',0.964705882352941,0.964705882352941,0.952941176470588);
ENDSEC;
END-ISO-10303-21;
